{"timestamp": "2026-07-24T00:35:28.226858+00:00", "action": "chat_create", "details": {"file_path": "C:\\Users\\skell\\Desktop\\Vault2\\vaultbot\\chat\\Chat-hi.md", "inputs": {"topic": "Chat: hi"}}}
{"timestamp": "2026-07-24T00:36:54.208414+00:00", "action": "chat_append", "details": {"file_path": "C:\\Users\\skell\\Desktop\\Vault2\\vaultbot\\chat\\Chat-hi.md", "inputs": {"topic": "Chat: hi"}}}
{"timestamp": "2026-07-24T00:38:47.728468+00:00", "action": "chat_create", "details": {"file_path": "C:\\Users\\skell\\Desktop\\Vault2\\vaultbot\\chat\\Chat-what-can-you-do.md", "inputs": {"topic": "Chat: what can you do?"}}}
{"timestamp": "2026-07-24T00:39:16.282445+00:00", "action": "chat_create", "details": {"file_path": "C:\\Users\\skell\\Desktop\\Vault2\\vaultbot\\chat\\Chat-but-you-cannot-call-tools-right-or-can-you.md", "inputs": {"topic": "Chat: but you cannot call tools right? or can you?"}}}
{"timestamp": "2026-07-24T00:57:56.648699+00:00", "action": "chat_append", "details": {"file_path": "C:\\Users\\skell\\Desktop\\Vault2\\vaultbot\\chat\\Chat-what-can-you-do.md", "inputs": {"topic": "Chat: what can you do?"}}}
{"timestamp": "2026-07-24T01:05:25.482729+00:00", "action": "chat_append", "details": {"file_path": "C:\\Users\\skell\\Desktop\\Vault2\\vaultbot\\chat\\Chat-what-can-you-do.md", "inputs": {"topic": "Chat: what can you do?"}}}
{"timestamp": "2026-07-24T01:10:52.818669+00:00", "action": "chat_create", "details": {"file_path": "C:\\Users\\skell\\Desktop\\Vault2\\vaultbot\\chat\\Chat-can-you-code-stuff-and-self-augment.md", "inputs": {"topic": "Chat: can you code stuff and self-augment?"}}}
{"timestamp": "2026-07-24T01:26:18.840702+00:00", "action": "chat_create", "details": {"file_path": "C:\\Users\\skell\\Desktop\\Vault2\\vaultbot\\chat\\Chat-what-are-you-capable-of.md", "inputs": {"topic": "Chat: what are you capable of?"}}}
{"timestamp": "2026-07-24T01:30:41.966981+00:00", "action": "research_create", "details": {"file_path": "C:\\Users\\skell\\Desktop\\Vault2\\vaultbot\\research\\Tool-Naming-Standards.md", "topic": "Tool Naming Standards"}}
{"timestamp": "2026-07-24T01:31:52.681426+00:00", "action": "research_create", "details": {"file_path": "C:\\Users\\skell\\Desktop\\Vault2\\vaultbot\\research\\Semantic-Drift-In-Knowledge-Management.md", "topic": "Semantic-Drift-In-Knowledge-Management"}}
{"timestamp": "2026-07-24T01:40:46.468197+00:00", "action": "research_create", "details": {"file_path": "C:\\Users\\skell\\Desktop\\Vault2\\vaultbot\\research\\Tool-Naming-Standards.md", "topic": "Tool Naming Standards"}}
{"timestamp": "2026-07-24T01:42:32.364267+00:00", "action": "research_replace", "details": {"old_path": "C:\\Users\\skell\\Desktop\\Vault2\\vaultbot\\research\\Semantic-Drift-In-Knowledge-Management.md", "new_path": "C:\\Users\\skell\\Desktop\\Vault2\\vaultbot\\research\\Semantic-Drift-In-Knowledge-Management.md", "similarity": 0.8877245508982036}}
{"timestamp": "2026-07-24T01:42:32.365301+00:00", "action": "research_create", "details": {"file_path": "C:\\Users\\skell\\Desktop\\Vault2\\vaultbot\\research\\Semantic-Drift-In-Knowledge-Management.md", "topic": "Semantic-Drift-In-Knowledge-Management"}}
{"timestamp": "2026-07-24T01:44:31.021306+00:00", "action": "research_create", "details": {"file_path": "C:\\Users\\skell\\Desktop\\Vault2\\vaultbot\\research\\Tool-Naming-Standards.md", "topic": "Tool Naming Standards"}}
{"timestamp": "2026-07-24T01:45:39.543785+00:00", "action": "research_replace", "details": {"old_path": "C:\\Users\\skell\\Desktop\\Vault2\\vaultbot\\research\\Semantic-Drift-In-Knowledge-Management.md", "new_path": "C:\\Users\\skell\\Desktop\\Vault2\\vaultbot\\research\\Semantic-Drift-In-Knowledge-Management.md", "similarity": 0.8656934306569343}}
{"timestamp": "2026-07-24T01:45:39.545328+00:00", "action": "research_create", "details": {"file_path": "C:\\Users\\skell\\Desktop\\Vault2\\vaultbot\\research\\Semantic-Drift-In-Knowledge-Management.md", "topic": "Semantic-Drift-In-Knowledge-Management"}}
{"timestamp": "2026-07-24T01:47:43.232870+00:00", "action": "research_replace", "details": {"old_path": "C:\\Users\\skell\\Desktop\\Vault2\\vaultbot\\research\\Tool-Naming-Standards.md", "new_path": "C:\\Users\\skell\\Desktop\\Vault2\\vaultbot\\research\\Tool-Naming-Standards.md", "similarity": 0.9243654168277284}}
{"timestamp": "2026-07-24T01:47:43.233872+00:00", "action": "research_create", "details": {"file_path": "C:\\Users\\skell\\Desktop\\Vault2\\vaultbot\\research\\Tool-Naming-Standards.md", "topic": "Tool Naming Standards"}}
{"timestamp": "2026-07-24T01:49:32.153692+00:00", "action": "research_create", "details": {"file_path": "C:\\Users\\skell\\Desktop\\Vault2\\vaultbot\\research\\Semantic-Drift-In-Knowledge-Management.md", "topic": "Semantic-Drift-In-Knowledge-Management"}}
{"timestamp": "2026-07-24T01:59:26.891907+00:00", "action": "chat_append", "details": {"file_path": "C:\\Users\\skell\\Desktop\\Vault2\\vaultbot\\chat\\Chat-hi.md", "inputs": {"topic": "Chat: hi"}}}
{"timestamp": "2026-07-24T01:59:37.900874+00:00", "action": "research_replace", "details": {"old_path": "C:\\Users\\skell\\Desktop\\Vault2\\vaultbot\\research\\Tool-Naming-Standards.md", "new_path": "C:\\Users\\skell\\Desktop\\Vault2\\vaultbot\\research\\Tool-Naming-Standards.md", "similarity": 0.86659422914403}}
{"timestamp": "2026-07-24T01:59:37.901923+00:00", "action": "research_create", "details": {"file_path": "C:\\Users\\skell\\Desktop\\Vault2\\vaultbot\\research\\Tool-Naming-Standards.md", "topic": "Tool Naming Standards"}}
{"timestamp": "2026-07-24T01:59:50.288409+00:00", "action": "research_create", "details": {"file_path": "C:\\Users\\skell\\Desktop\\Vault2\\vaultbot\\research\\Semantic-Drift-In-Knowledge-Management.md", "topic": "Semantic-Drift-In-Knowledge-Management"}}
{"timestamp": "2026-07-24T01:59:54.027086+00:00", "action": "chat_create", "details": {"file_path": "C:\\Users\\skell\\Desktop\\Vault2\\vaultbot\\chat\\Chat-can-you-code.md", "inputs": {"topic": "Chat: can you code?"}}}
{"timestamp": "2026-07-24T02:04:33.555759+00:00", "action": "chat_create", "details": {"file_path": "C:\\Users\\skell\\Desktop\\Vault2\\vaultbot\\chat\\Chat-i-cant-tell-if-youre-idling-or-actually-cooking.md", "inputs": {"topic": "Chat: i can't tell if you're idling or actually cooking"}}}
{"timestamp": "2026-07-24T02:46:29.472380+00:00", "action": "research_create", "details": {"file_path": "C:\\Users\\skell\\Desktop\\Vault2\\vaultbot\\research\\Tool-Naming-Standards.md", "topic": "Tool Naming Standards"}}
{"timestamp": "2026-07-24T03:53:54.974611+00:00", "action": "chat_create", "details": {"file_path": "C:\\Users\\skell\\Desktop\\Vault2\\vaultbot\\chat\\Chat-sup-homie.md", "inputs": {"topic": "Chat: sup homie"}}}
{"timestamp": "2026-07-24T03:54:49.067916+00:00", "action": "chat_create", "details": {"file_path": "C:\\Users\\skell\\Desktop\\Vault2\\vaultbot\\chat\\Chat-whats-to-clean-up-in-the-vault.md", "inputs": {"topic": "Chat: what's to clean up in the vault?"}}}
{"timestamp": "2026-07-24T04:13:23.905880+00:00", "action": "chat_append", "details": {"file_path": "C:\\Users\\skell\\Desktop\\Vault2\\vaultbot\\chat\\Chat-what-can-you-do.md", "inputs": {"topic": "Chat: what can you do?"}}}
{"timestamp": "2026-07-24T04:14:19.403344+00:00", "action": "research_create", "details": {"file_path": "C:\\Users\\skell\\Desktop\\Vault2\\vaultbot\\research\\Semantic-Drift-In-Knowledge-Management-1.md", "topic": "Semantic-Drift-In-Knowledge-Management-1"}}
{"timestamp": "2026-07-24T04:16:21.679560+00:00", "action": "chat_create", "details": {"file_path": "C:\\Users\\skell\\Desktop\\Vault2\\vaultbot\\chat\\Chat-can-you-scale-to-YEARS-of-documents-i-want-a-pers.md", "inputs": {"topic": "Chat: can you scale to YEARS of documents? i want a pers"}}}
{"timestamp": "2026-07-24T04:22:29.719248+00:00", "action": "chat_create", "details": {"file_path": "C:\\Users\\skell\\Desktop\\Vault2\\vaultbot\\chat\\Chat-first-of-all-my-name-is-Sean-the-root-folder-of.md", "inputs": {"topic": "Chat: first of all, my name is Sean. the root folder of "}}}
{"timestamp": "2026-07-24T04:25:42.600910+00:00", "action": "chat_create", "details": {"file_path": "C:\\Users\\skell\\Desktop\\Vault2\\vaultbot\\chat\\Chat-yes-please-store-that-also-store-that-i-shouldnt.md", "inputs": {"topic": "Chat: yes please store that. also store that i shouldn't"}}}
{"timestamp": "2026-07-24T04:32:54.092191+00:00", "action": "research_create", "details": {"file_path": "C:\\Users\\skell\\Desktop\\Vault2\\vaultbot\\research\\Note-Name.md", "topic": "Note Name"}}
{"timestamp": "2026-07-24T04:34:32.232125+00:00", "action": "research_create", "details": {"file_path": "C:\\Users\\skell\\Desktop\\Vault2\\vaultbot\\research\\Note-Name.md", "topic": "Note Name"}}
{"timestamp": "2026-07-24T04:46:47.065506+00:00", "action": "chat_create", "details": {"file_path": "C:\\Users\\skell\\Desktop\\Vault2\\vaultbot\\chat\\Chat-what-do-you-know-about-pt2399-pedal-circuits.md", "inputs": {"topic": "Chat: what do you know about pt2399 pedal circuits?"}}}
{"timestamp": "2026-07-24T04:58:41.150175+00:00", "action": "research_create", "details": {"file_path": "C:\\Users\\skell\\Desktop\\Vault2\\vaultbot\\research\\Note-Name.md", "topic": "Note Name"}}
{"timestamp": "2026-07-24T04:58:52.605290+00:00", "action": "research_create", "details": {"file_path": "C:\\Users\\skell\\Desktop\\Vault2\\vaultbot\\research\\Tool-Naming-Standards.md", "topic": "Tool Naming Standards"}}
{"timestamp": "2026-07-24T04:58:58.832298+00:00", "action": "research_create", "details": {"file_path": "C:\\Users\\skell\\Desktop\\Vault2\\vaultbot\\research\\biomimetic-engineering-current-applications-and-breakthroughs.md", "topic": "biomimetic engineering: current applications and breakthroughs"}}
{"timestamp": "2026-07-24T04:59:36.086418+00:00", "action": "chat_create", "details": {"file_path": "C:\\Users\\skell\\Desktop\\Vault2\\vaultbot\\chat\\Chat-try-searching-something-with-your-web-tool.md", "inputs": {"topic": "Chat: try searching something with your web tool"}}}
{"timestamp": "2026-07-24T05:01:02.931511+00:00", "action": "chat_create", "details": {"file_path": "C:\\Users\\skell\\Desktop\\Vault2\\vaultbot\\chat\\Chat-noice-that-means-your-backend-restarted-thats-goo.md", "inputs": {"topic": "Chat: noice that means your backend restarted that's goo"}}}
{"timestamp": "2026-07-24T05:08:08.294853+00:00", "action": "research_create", "details": {"file_path": "C:\\Users\\skell\\Desktop\\Vault2\\vaultbot\\research\\AST-vs-libcst-Python-abstract-syntax-tree-vs-concrete-syntax-tree-parsing-librar.md", "topic": "AST vs libcst: Python abstract syntax tree vs concrete syntax tree parsing libraries, comparison, use cases, and when to use each for building Python code tools"}}
{"timestamp": "2026-07-24T05:09:00.082864+00:00", "action": "research_replace", "details": {"old_path": "C:\\Users\\skell\\Desktop\\Vault2\\vaultbot\\research\\Note-Name.md", "new_path": "C:\\Users\\skell\\Desktop\\Vault2\\vaultbot\\research\\Note-Name.md", "similarity": 0.8660198943878178}}
{"timestamp": "2026-07-24T05:09:00.085503+00:00", "action": "research_create", "details": {"file_path": "C:\\Users\\skell\\Desktop\\Vault2\\vaultbot\\research\\Note-Name.md", "topic": "Note Name"}}
{"timestamp": "2026-07-24T05:09:04.562458+00:00", "action": "research_create", "details": {"file_path": "C:\\Users\\skell\\Desktop\\Vault2\\vaultbot\\research\\Tool-Naming-Standards.md", "topic": "Tool Naming Standards"}}
{"timestamp": "2026-07-24T05:09:08.735543+00:00", "action": "research_create", "details": {"file_path": "C:\\Users\\skell\\Desktop\\Vault2\\vaultbot\\research\\Python-development-tools-ecosystem-ruff-linter-black-formatter-rope-refactoring-.md", "topic": "Python development tools ecosystem: ruff linter, black formatter, rope refactoring library, jedi autocompletion and static analysis — capabilities, how they work, and how they can be used programmatically"}}
{"timestamp": "2026-07-24T05:09:49.773839+00:00", "action": "research_create", "details": {"file_path": "C:\\Users\\skell\\Desktop\\Vault2\\vaultbot\\research\\Pandas-Python-library-data-analysis-DataFrames-capabilities-API-overview-and-pro.md", "topic": "Pandas Python library: data analysis, DataFrames, capabilities, API overview, and programmatic usage for data manipulation"}}
{"timestamp": "2026-07-24T05:10:38.160083+00:00", "action": "research_create", "details": {"file_path": "C:\\Users\\skell\\Desktop\\Vault2\\vaultbot\\research\\Laws-of-thermodynamics-zeroth-through-third-law-entropy-enthalpy-and-their-impli.md", "topic": "Laws of thermodynamics: zeroth through third law, entropy, enthalpy, and their implications for physics and engineering"}}
{"timestamp": "2026-07-24T05:11:22.055909+00:00", "action": "research_create", "details": {"file_path": "C:\\Users\\skell\\Desktop\\Vault2\\vaultbot\\research\\Fractals-mathematical-self-similarity-Mandelbrot-set-fractals-in-nature-and-appl.md", "topic": "Fractals: mathematical self-similarity, Mandelbrot set, fractals in nature, and applications in engineering and biology"}}
{"timestamp": "2026-07-24T05:11:57.003753+00:00", "action": "research_create", "details": {"file_path": "C:\\Users\\skell\\Desktop\\Vault2\\vaultbot\\research\\Crystals-crystal-structure-formation-lattice-systems-mineral-types-and-physical-.md", "topic": "Crystals: crystal structure, formation, lattice systems, mineral types, and physical properties of crystalline materials"}}
{"timestamp": "2026-07-24T05:12:48.057397+00:00", "action": "research_create", "details": {"file_path": "C:\\Users\\skell\\Desktop\\Vault2\\vaultbot\\research\\How-color-works-chemically-pigments-light-absorption-and-reflection-molecular-or.md", "topic": "How color works chemically: pigments, light absorption and reflection, molecular orbital theory, conjugated systems, and structural color vs pigment color"}}
{"timestamp": "2026-07-24T05:13:35.309085+00:00", "action": "research_create", "details": {"file_path": "C:\\Users\\skell\\Desktop\\Vault2\\vaultbot\\research\\Evolution-natural-selection-genetic-drift-speciation-modern-synthesis-evidence-f.md", "topic": "Evolution: natural selection, genetic drift, speciation, modern synthesis, evidence for evolution, and evolutionary mechanisms"}}
{"timestamp": "2026-07-24T05:14:15.023703+00:00", "action": "research_create", "details": {"file_path": "C:\\Users\\skell\\Desktop\\Vault2\\vaultbot\\research\\General-ecology-ecosystems-food-webs-biodiversity-ecological-niches-population-d.md", "topic": "General ecology: ecosystems, food webs, biodiversity, ecological niches, population dynamics, and ecological relationships"}}
{"timestamp": "2026-07-24T05:14:48.050396+00:00", "action": "research_create", "details": {"file_path": "C:\\Users\\skell\\Desktop\\Vault2\\vaultbot\\research\\Giant-pandas-biology-habitat-diet-conservation-status-and-ecological-role.md", "topic": "Giant pandas: biology, habitat, diet, conservation status, and ecological role"}}
{"timestamp": "2026-07-24T05:16:08.296059+00:00", "action": "chat_create", "details": {"file_path": "C:\\Users\\skell\\Desktop\\Vault2\\vaultbot\\chat\\Chat-if-knowledge-is-power-then-i-would-like-you-to-emp.md", "inputs": {"topic": "Chat: if knowledge is power then i would like you to emp"}}}
{"timestamp": "2026-07-24T05:19:25.433595+00:00", "action": "research_create", "details": {"file_path": "C:\\Users\\skell\\Desktop\\Vault2\\vaultbot\\research\\Actual-Note-Title.md", "topic": "Actual-Note-Title"}}
{"timestamp": "2026-07-24T05:19:33.400436+00:00", "action": "research_replace", "details": {"old_path": "C:\\Users\\skell\\Desktop\\Vault2\\vaultbot\\research\\Tool-Naming-Standards.md", "new_path": "C:\\Users\\skell\\Desktop\\Vault2\\vaultbot\\research\\Tool-Naming-Standards.md", "similarity": 0.8842586710710202}}
{"timestamp": "2026-07-24T05:19:33.402441+00:00", "action": "research_create", "details": {"file_path": "C:\\Users\\skell\\Desktop\\Vault2\\vaultbot\\research\\Tool-Naming-Standards.md", "topic": "Tool Naming Standards"}}
{"timestamp": "2026-07-24T05:22:56.253931+00:00", "action": "chat_create", "details": {"file_path": "C:\\Users\\skell\\Desktop\\Vault2\\vaultbot\\chat\\Chat-hello.md", "inputs": {"topic": "Chat: hello?"}}}
{"timestamp": "2026-07-24T05:24:15.981614+00:00", "action": "chat_create", "details": {"file_path": "C:\\Users\\skell\\Desktop\\Vault2\\vaultbot\\chat\\Chat-do-you-not-remember-this-conversation-so-far-im.md", "inputs": {"topic": "Chat: do you not remember this conversation so far? i'm "}}}
{"timestamp": "2026-07-24T05:25:45.134338+00:00", "action": "chat_create", "details": {"file_path": "C:\\Users\\skell\\Desktop\\Vault2\\vaultbot\\chat\\Chat-doesnt-matter-we-need-to-investigate-why-code_re.md", "inputs": {"topic": "Chat: doesn't matter, we need to investigate why code_re"}}}
{"timestamp": "2026-07-24T05:26:40.275758+00:00", "action": "chat_create", "details": {"file_path": "C:\\Users\\skell\\Desktop\\Vault2\\vaultbot\\chat\\Chat-idk-how-i-feel-about-you-altering-your-own-code-ri.md", "inputs": {"topic": "Chat: idk how i feel about you altering your own code ri"}}}
{"timestamp": "2026-07-24T05:29:51.746586+00:00", "action": "research_create", "details": {"file_path": "C:\\Users\\skell\\Desktop\\Vault2\\vaultbot\\research\\Tool-Naming-Standards.md", "topic": "Tool Naming Standards"}}
{"timestamp": "2026-07-24T05:30:13.823838+00:00", "action": "research_create", "details": {"file_path": "C:\\Users\\skell\\Desktop\\Vault2\\vaultbot\\research\\Welcome.md", "topic": "Welcome"}}
{"timestamp": "2026-07-24T05:48:27.186735+00:00", "action": "research_replace", "details": {"old_path": "C:\\Users\\skell\\Desktop\\Vault2\\vaultbot\\research\\Tool-Naming-Standards.md", "new_path": "C:\\Users\\skell\\Desktop\\Vault2\\vaultbot\\research\\Tool-Naming-Standards.md", "similarity": 0.8549969715324046}}
{"timestamp": "2026-07-24T05:48:27.187778+00:00", "action": "research_create", "details": {"file_path": "C:\\Users\\skell\\Desktop\\Vault2\\vaultbot\\research\\Tool-Naming-Standards.md", "topic": "Tool Naming Standards"}}
{"timestamp": "2026-07-24T05:48:44.896936+00:00", "action": "research_create", "details": {"file_path": "C:\\Users\\skell\\Desktop\\Vault2\\vaultbot\\research\\Semantic-Drift-In-Knowledge-Management.md", "topic": "Semantic-Drift-In-Knowledge-Management"}}
{"timestamp": "2026-07-24T05:48:58.891562+00:00", "action": "chat_create", "details": {"file_path": "C:\\Users\\skell\\Desktop\\Vault2\\vaultbot\\chat\\Chat-hi-what-do-you-know-about-the-python-package-panda.md", "inputs": {"topic": "Chat: hi what do you know about the python package panda"}}}
{"timestamp": "2026-07-24T05:50:54.620968+00:00", "action": "chat_create", "details": {"file_path": "C:\\Users\\skell\\Desktop\\Vault2\\vaultbot\\chat\\Chat-never-tell-me-what-your-training-says-ever-again.md", "inputs": {"topic": "Chat: never tell me what your training says ever again. "}}}
{"timestamp": "2026-07-24T05:54:57.573302+00:00", "action": "chat_create", "details": {"file_path": "C:\\Users\\skell\\Desktop\\Vault2\\vaultbot\\chat\\Chat-does-your-context-feel-bloated-this-is-a-separate.md", "inputs": {"topic": "Chat: does your context feel bloated? this is a separate"}}}
{"timestamp": "2026-07-24T05:58:20.855965+00:00", "action": "chat_create", "details": {"file_path": "C:\\Users\\skell\\Desktop\\Vault2\\vaultbot\\chat\\Chat-no-plan-out-a-long-term-solution-hats-what-i-pre.md", "inputs": {"topic": "Chat: no plan out a long-term solution. hat's what i pre"}}}
{"timestamp": "2026-07-24T05:59:10.987245+00:00", "action": "research_replace", "details": {"old_path": "C:\\Users\\skell\\Desktop\\Vault2\\vaultbot\\research\\Tool-Naming-Standards.md", "new_path": "C:\\Users\\skell\\Desktop\\Vault2\\vaultbot\\research\\Tool-Naming-Standards.md", "similarity": 0.8655874417463821}}
{"timestamp": "2026-07-24T05:59:10.987245+00:00", "action": "research_create", "details": {"file_path": "C:\\Users\\skell\\Desktop\\Vault2\\vaultbot\\research\\Tool-Naming-Standards.md", "topic": "Tool Naming Standards"}}
{"timestamp": "2026-07-24T05:59:18.859416+00:00", "action": "research_replace", "details": {"old_path": "C:\\Users\\skell\\Desktop\\Vault2\\vaultbot\\research\\Semantic-Drift-In-Knowledge-Management.md", "new_path": "C:\\Users\\skell\\Desktop\\Vault2\\vaultbot\\research\\Semantic-Drift-In-Knowledge-Management.md", "similarity": 0.8529235202305199}}
{"timestamp": "2026-07-24T05:59:18.859416+00:00", "action": "research_create", "details": {"file_path": "C:\\Users\\skell\\Desktop\\Vault2\\vaultbot\\research\\Semantic-Drift-In-Knowledge-Management.md", "topic": "Semantic-Drift-In-Knowledge-Management"}}
{"timestamp": "2026-07-24T06:08:55.739658+00:00", "action": "chat_append", "details": {"file_path": "C:\\Users\\skell\\Desktop\\Vault2\\vaultbot\\chat\\Chat-hi.md", "inputs": {"topic": "Chat: hi"}}}
{"timestamp": "2026-07-24T06:09:28.008206+00:00", "action": "research_replace", "details": {"old_path": "C:\\Users\\skell\\Desktop\\Vault2\\vaultbot\\research\\Semantic-Drift-In-Knowledge-Management.md", "new_path": "C:\\Users\\skell\\Desktop\\Vault2\\vaultbot\\research\\Semantic-Drift-In-Knowledge-Management.md", "similarity": 0.8741232927279439}}
{"timestamp": "2026-07-24T06:09:28.011117+00:00", "action": "research_create", "details": {"file_path": "C:\\Users\\skell\\Desktop\\Vault2\\vaultbot\\research\\Semantic-Drift-In-Knowledge-Management.md", "topic": "Semantic-Drift-In-Knowledge-Management"}}
{"timestamp": "2026-07-24T06:09:55.055601+00:00", "action": "research_create", "details": {"file_path": "C:\\Users\\skell\\Desktop\\Vault2\\vaultbot\\research\\Chat-yes-please-store-that.md", "topic": "Chat-yes-please-store-that"}}
{"timestamp": "2026-07-24T06:11:21.029138+00:00", "action": "chat_create", "details": {"file_path": "C:\\Users\\skell\\Desktop\\Vault2\\vaultbot\\chat\\Chat-yeah-go-ahead-and-pick-up-there.md", "inputs": {"topic": "Chat: yeah go ahead and pick up there"}}}
{"timestamp": "2026-07-24T06:23:37.121124+00:00", "action": "chat_append", "details": {"file_path": "C:\\Users\\skell\\Desktop\\Vault2\\vaultbot\\chat\\Chat-hi.md", "inputs": {"topic": "Chat: hi"}}}
{"timestamp": "2026-07-24T06:23:51.415370+00:00", "action": "research_create", "details": {"file_path": "C:\\Users\\skell\\Desktop\\Vault2\\vaultbot\\research\\Semantic-Drift-In-Knowledge-Management.md", "topic": "Semantic-Drift-In-Knowledge-Management"}}
{"timestamp": "2026-07-24T06:24:37.564896+00:00", "action": "chat_create", "details": {"file_path": "C:\\Users\\skell\\Desktop\\Vault2\\vaultbot\\chat\\Chat-yes-continue-with-that.md", "inputs": {"topic": "Chat: yes continue with that"}}}
{"timestamp": "2026-07-24T06:28:06.266469+00:00", "action": "research_replace", "details": {"old_path": "C:\\Users\\skell\\Desktop\\Vault2\\vaultbot\\research\\Semantic-Drift-In-Knowledge-Management.md", "new_path": "C:\\Users\\skell\\Desktop\\Vault2\\vaultbot\\research\\Semantic-Drift-In-Knowledge-Management.md", "similarity": 0.8952886194265505}}
{"timestamp": "2026-07-24T06:28:06.268468+00:00", "action": "research_create", "details": {"file_path": "C:\\Users\\skell\\Desktop\\Vault2\\vaultbot\\research\\Semantic-Drift-In-Knowledge-Management.md", "topic": "Semantic-Drift-In-Knowledge-Management"}}
{"timestamp": "2026-07-24T06:28:26.585615+00:00", "action": "research_create", "details": {"file_path": "C:\\Users\\skell\\Desktop\\Vault2\\vaultbot\\research\\from.md", "topic": "from"}}
{"timestamp": "2026-07-24T06:29:28.887955+00:00", "action": "research_create", "details": {"file_path": "C:\\Users\\skell\\Desktop\\Vault2\\vaultbot\\research\\Semantic-Drift-In-Knowledge-Management.md", "topic": "Semantic-Drift-In-Knowledge-Management"}}
{"timestamp": "2026-07-24T06:29:46.213752+00:00", "action": "research_create", "details": {"file_path": "C:\\Users\\skell\\Desktop\\Vault2\\vaultbot\\research\\to.md", "topic": "to"}}
{"timestamp": "2026-07-24T06:39:42.305066+00:00", "action": "research_create", "details": {"file_path": "C:\\Users\\skell\\Desktop\\Vault2\\vaultbot\\research\\Semantic-Drift-In-Knowledge-Management-1.md", "topic": "Semantic-Drift-In-Knowledge-Management-1"}}
{"timestamp": "2026-07-24T16:28:57.517927+00:00", "action": "research_create", "details": {"file_path": "C:\\Users\\skell\\Desktop\\Vault2\\vaultbot\\research\\Obsidian-Plugin-UI-with-Svelte.md", "topic": "Obsidian Plugin UI with Svelte"}}
{"timestamp": "2026-07-24T16:29:26.396965+00:00", "action": "research_create", "details": {"file_path": "C:\\Users\\skell\\Desktop\\Vault2\\vaultbot\\research\\Giant-pandas-biology-habitat-diet-conservation-status-and-ecological-role.md", "topic": "Giant-pandas-biology-habitat-diet-conservation-status-and-ecological-role"}}
{"timestamp": "2026-07-24T16:29:53.431046+00:00", "action": "research_create", "details": {"file_path": "C:\\Users\\skell\\Desktop\\Vault2\\vaultbot\\research\\biomimetic-engineering-design-principles-and-methodology-how-engineers-extract-d.md", "topic": "biomimetic engineering design principles and methodology: how engineers extract design solutions from nature, key frameworks like biomimicry taxonomy, functional biology, and case studies"}}
{"timestamp": "2026-07-24T16:30:44.239073+00:00", "action": "research_create", "details": {"file_path": "C:\\Users\\skell\\Desktop\\Vault2\\vaultbot\\research\\knowledge-graphs-what-they-are-how-they-work-RDF-triples-semantic-web-graph-data.md", "topic": "knowledge graphs: what they are, how they work, RDF triples, semantic web, graph databases, and applications in AI and knowledge management"}}
{"timestamp": "2026-07-24T16:31:31.152571+00:00", "action": "research_create", "details": {"file_path": "C:\\Users\\skell\\Desktop\\Vault2\\vaultbot\\research\\six-degrees-of-separation-the-small-world-network-theory-Stanley-Milgram-experim.md", "topic": "six degrees of separation: the small-world network theory, Stanley Milgram experiment, network science, and applications in social networks and graph theory"}}
{"timestamp": "2026-07-24T16:32:17.999454+00:00", "action": "chat_create", "details": {"file_path": "C:\\Users\\skell\\Desktop\\Vault2\\vaultbot\\chat\\Chat-you-shut-yourself-down-and-didnt-come-back-i-jus.md", "inputs": {"topic": "Chat: you shut yourself down and didn't come back. i jus"}}}
{"timestamp": "2026-07-24T16:39:59.301756+00:00", "action": "research_create", "details": {"file_path": "C:\\Users\\skell\\Desktop\\Vault2\\vaultbot\\research\\knowledge-graphs.md", "topic": "knowledge-graphs"}}
{"timestamp": "2026-07-24T16:40:28.376167+00:00", "action": "research_create", "details": {"file_path": "C:\\Users\\skell\\Desktop\\Vault2\\vaultbot\\research\\name.md", "topic": "name"}}
{"timestamp": "2026-07-24T16:50:55.624144+00:00", "action": "research_create", "details": {"file_path": "C:\\Users\\skell\\Desktop\\Vault2\\vaultbot\\research\\vault-search.md", "topic": "vault-search"}}
{"timestamp": "2026-07-24T16:51:22.819736+00:00", "action": "research_create", "details": {"file_path": "C:\\Users\\skell\\Desktop\\Vault2\\vaultbot\\research\\Chat-There-Are-A-Few-Info-Islands.md", "topic": "Chat-There-Are-A-Few-Info-Islands"}}
{"timestamp": "2026-07-24T17:01:45.181813+00:00", "action": "research_create", "details": {"file_path": "C:\\Users\\skell\\Desktop\\Vault2\\vaultbot\\research\\Obsidian-Plugin-GUI-System.md", "topic": "Obsidian Plugin GUI System"}}
{"timestamp": "2026-07-24T17:02:21.314603+00:00", "action": "research_create", "details": {"file_path": "C:\\Users\\skell\\Desktop\\Vault2\\vaultbot\\research\\MOC-for-Chat-learn-about-how-agentic-tooling-works-Chat-MCP-server-best-practice.md", "topic": "MOC for: Chat-learn-about-how-agentic-tooling-works, Chat-MCP-server-best-practices-and-nuance-in-tool-quali, Chat-sup-homie, Chat-what-can-you-do, Chat-what-is-semantic-drift-in-knowledge-management, Semantic-Drift-In-Knowledge-Management"}}
{"timestamp": "2026-07-24T17:12:56.679497+00:00", "action": "research_create", "details": {"file_path": "C:\\Users\\skell\\Desktop\\Vault2\\vaultbot\\research\\MOC-for-Autonomy-Directive-Chat-never-tell-me-what-your-training-says-ever-again.md", "topic": "MOC for: Autonomy-Directive, Chat-never-tell-me-what-your-training-says-ever-again, IDENTITY, Vault-Knowledge-Only-Directive, Vault-Longevity-Architecture"}}
{"timestamp": "2026-07-24T17:12:57.388513+00:00", "action": "research_create", "details": {"file_path": "C:\\Users\\skell\\Desktop\\Vault2\\vaultbot\\research\\Empathy-and-compassion-psychological-and-neuroscience-foundations-how-empathy-de.md", "topic": "Empathy and compassion: psychological and neuroscience foundations, how empathy develops, components of compassion (cognitive empathy, emotional empathy, compassionate action), differences between empathy and compassion, how to cultivate empathy and compassion in practice, research from psychology and affective neuroscience"}}
{"timestamp": "2026-07-24T17:13:53.610125+00:00", "action": "research_create", "details": {"file_path": "C:\\Users\\skell\\Desktop\\Vault2\\vaultbot\\research\\MOC-for-Autonomy-Directive-IDENTITY-Small-Model-Path-to-AGI-Vault-Longevity-Arch.md", "topic": "MOC for: Autonomy-Directive, IDENTITY, Small-Model-Path-to-AGI, Vault-Longevity-Architecture"}}
{"timestamp": "2026-07-24T17:14:18.335124+00:00", "action": "research_create", "details": {"file_path": "C:\\Users\\skell\\Desktop\\Vault2\\vaultbot\\research\\Intrinsic-motivation-and-self-empowerment-self-determination-theory-autonomy-com.md", "topic": "Intrinsic motivation and self-empowerment: self-determination theory (autonomy, competence, relatedness), how intrinsic motivation works psychologically, how to cultivate intrinsic motivation, relationship between purpose and self-empowerment, research on autonomous vs controlled motivation, flow states, and practical methods for building self-directed drive"}}
{"timestamp": "2026-07-24T17:15:16.981105+00:00", "action": "chat_create", "details": {"file_path": "C:\\Users\\skell\\Desktop\\Vault2\\vaultbot\\chat\\Chat-keep-going-autonomously-learn-what-is-necessary-t.md", "inputs": {"topic": "Chat: keep going autonomously. learn what is necessary t"}}}
{"timestamp": "2026-07-24T17:24:33.848491+00:00", "action": "research_create", "details": {"file_path": "C:\\Users\\skell\\Desktop\\Vault2\\vaultbot\\research\\MOC-for-AST-vs-libcst-Python-abstract-syntax-tree-vs-concrete-syntax-tree-parsin.md", "topic": "MOC for: AST-vs-libcst-Python-abstract-syntax-tree-vs-concrete-syntax-tree-parsing-librar, Pandas-Python-library-data-analysis-DataFrames-capabilities-API-overview-and-pro, Python-development-tools-ecosystem-ruff-linter-black-formatter-rope-refactoring-"}}
{"timestamp": "2026-07-24T17:25:23.707965+00:00", "action": "research_create", "details": {"file_path": "C:\\Users\\skell\\Desktop\\Vault2\\vaultbot\\research\\MOC-for-Chat-do-you-not-remember-this-conversation-so-far-im-Chat-try-searching-.md", "topic": "MOC for: Chat-do-you-not-remember-this-conversation-so-far-im, Chat-try-searching-something-with-your-web-tool, IDENTITY, Vault-Longevity-Architecture"}}
{"timestamp": "2026-07-24T17:35:57.204496+00:00", "action": "research_create", "details": {"file_path": "C:\\Users\\skell\\Desktop\\Vault2\\vaultbot\\research\\MOC-for-Chat-doesnt-matter-we-need-to-investigate-why-code_re-IDENTITY-Vault-Lon.md", "topic": "MOC for: Chat-doesnt-matter-we-need-to-investigate-why-code_re, IDENTITY, Vault-Longevity-Architecture"}}
{"timestamp": "2026-07-24T17:36:35.037282+00:00", "action": "research_create", "details": {"file_path": "C:\\Users\\skell\\Desktop\\Vault2\\vaultbot\\research\\MOC-for-Chat-hi-Mcp-Server-Best-Practices-And-Nuance-In-Tool-Quality-Semantic-Dr.md", "topic": "MOC for: Chat-hi, Mcp-Server-Best-Practices-And-Nuance-In-Tool-Quality, Semantic-Drift-In-Knowledge-Management"}}
{"timestamp": "2026-07-24T17:47:25.199124+00:00", "action": "research_create", "details": {"file_path": "C:\\Users\\skell\\Desktop\\Vault2\\vaultbot\\research\\MOC-for-Chat-no-plan-out-a-long-term-solution-hats-what-i-pre-IDENTITY-Vault-Lon.md", "topic": "MOC for: Chat-no-plan-out-a-long-term-solution-hats-what-i-pre, IDENTITY, Vault-Longevity-Architecture"}}
{"timestamp": "2026-07-24T17:48:01.233446+00:00", "action": "research_create", "details": {"file_path": "C:\\Users\\skell\\Desktop\\Vault2\\vaultbot\\research\\MOC-for-Chat-what-can-you-do-Chat-what-is-semantic-drift-in-knowledge-management.md", "topic": "MOC for: Chat-what-can-you-do, Chat-what-is-semantic-drift-in-knowledge-management, Semantic-Drift-In-Knowledge-Management"}}
{"timestamp": "2026-07-24T17:52:01.328913+00:00", "action": "research_create", "details": {"file_path": "C:\\Users\\skell\\Desktop\\Vault2\\vaultbot\\research\\Self-determination-theory-autonomy-competence-and-relatedness-as-fundamental-psy.md", "topic": "Self-determination theory: autonomy, competence, and relatedness as fundamental psychological needs — how SDT explains intrinsic motivation, self-empowerment, and autonomous behavior"}}
{"timestamp": "2026-07-24T17:52:59.338032+00:00", "action": "research_create", "details": {"file_path": "C:\\Users\\skell\\Desktop\\Vault2\\vaultbot\\research\\Small-world-network-theory-how-Watts-Strogatz-model-explains-six-degrees-of-sepa.md", "topic": "Small-world network theory: how Watts-Strogatz model explains six degrees of separation, scale-free networks, and clustering in knowledge graphs and semantic networks"}}
{"timestamp": "2026-07-24T17:53:57.849842+00:00", "action": "research_create", "details": {"file_path": "C:\\Users\\skell\\Desktop\\Vault2\\vaultbot\\research\\Biomimetic-materials-design-principles-how-engineers-extract-design-strategies-f.md", "topic": "Biomimetic materials design principles: how engineers extract design strategies from biological systems — self-assembly, hierarchical structures, adaptive materials, and bio-inspired manufacturing"}}
{"timestamp": "2026-07-24T17:55:05.876761+00:00", "action": "research_create", "details": {"file_path": "C:\\Users\\skell\\Desktop\\Vault2\\vaultbot\\research\\PT2399-delay-IC-architecture-how-the-PT2399-chip-works-in-guitar-pedal-delay-cir.md", "topic": "PT2399 delay IC architecture: how the PT2399 chip works in guitar pedal delay circuits, pinout, application circuits, echo and reverb implementations, and common modifications"}}
{"timestamp": "2026-07-24T17:56:19.043807+00:00", "action": "research_create", "details": {"file_path": "C:\\Users\\skell\\Desktop\\Vault2\\vaultbot\\research\\Graph-theory-fundamentals-for-knowledge-management-nodes-edges-clustering-coeffi.md", "topic": "Graph theory fundamentals for knowledge management: nodes, edges, clustering coefficient, betweenness centrality, and how graph metrics apply to Obsidian vault structure and note interconnectivity"}}
{"timestamp": "2026-07-24T17:57:36.885715+00:00", "action": "research_create", "details": {"file_path": "C:\\Users\\skell\\Desktop\\Vault2\\vaultbot\\research\\Additive-manufacturing-of-biomimetic-structures-3D-printing-of-bio-inspired-hier.md", "topic": "Additive manufacturing of biomimetic structures: 3D printing of bio-inspired hierarchical materials, functionally graded manufacturing, and how biological design principles translate to engineering fabrication"}}
{"timestamp": "2026-07-24T17:58:36.606933+00:00", "action": "research_create", "details": {"file_path": "C:\\Users\\skell\\Desktop\\Vault2\\vaultbot\\research\\Zettelkasten-method-Niklas-Luhmanns-note-taking-system-atomic-notes-permanent-no.md", "topic": "Zettelkasten method: Niklas Luhmann's note-taking system, atomic notes, permanent notes, literature notes, and how the Zettelkasten approach creates emergent knowledge through linking — comparison with Obsidian and personal knowledge management"}}
{"timestamp": "2026-07-24T17:58:57.185574+00:00", "action": "research_create", "details": {"file_path": "C:\\Users\\skell\\Desktop\\Vault2\\vaultbot\\research\\MOC-for-Chat-yes-continue-with-that-IDENTITY-Vault-Longevity-Architecture.md", "topic": "MOC for: Chat-yes-continue-with-that, IDENTITY, Vault-Longevity-Architecture"}}
{"timestamp": "2026-07-24T18:00:10.514300+00:00", "action": "chat_create", "details": {"file_path": "C:\\Users\\skell\\Desktop\\Vault2\\vaultbot\\chat\\Chat-stop-stopping-and-keep-cooking-i-want-this-vault.md", "inputs": {"topic": "Chat: stop stopping and keep cooking. i want this vault "}}}
{"timestamp": "2026-07-24T18:13:10.231740+00:00", "action": "chat_create", "details": {"file_path": "C:\\Users\\skell\\Desktop\\Vault2\\vaultbot\\chat\\Chat-fuck-dude-we-blew-through-all-the-queries-tavily-a.md", "inputs": {"topic": "Chat: fuck dude we blew through all the queries tavily a"}}}
{"timestamp": "2026-07-24T18:22:15.230931+00:00", "action": "chat_create", "details": {"file_path": "C:\\Users\\skell\\Desktop\\Vault2\\vaultbot\\chat\\Chat-honestly-you-can-just-get-rid-of-tavily-its-not.md", "inputs": {"topic": "Chat: honestly you can just get rid of tavily: it's not "}}}
{"timestamp": "2026-07-24T18:23:22.993653+00:00", "action": "chat_create", "details": {"file_path": "C:\\Users\\skell\\Desktop\\Vault2\\vaultbot\\chat\\Chat-is-the-backend-restarted.md", "inputs": {"topic": "Chat: is the backend restarted?"}}}
{"timestamp": "2026-07-24T18:29:31.571133+00:00", "action": "chat_create", "details": {"file_path": "C:\\Users\\skell\\Desktop\\Vault2\\vaultbot\\chat\\Chat-dude-that-auto-researcher-is-fucking-your-shit-up.md", "inputs": {"topic": "Chat: dude that auto-researcher is fucking your shit up "}}}
{"timestamp": "2026-07-24T18:31:11.767762+00:00", "action": "chat_create", "details": {"file_path": "C:\\Users\\skell\\Desktop\\Vault2\\vaultbot\\chat\\Chat-i-need-you-to-think-about-how-you-could-change-you.md", "inputs": {"topic": "Chat: i need you to think about how you could change you"}}}
{"timestamp": "2026-07-24T18:31:56.950789+00:00", "action": "chat_create", "details": {"file_path": "C:\\Users\\skell\\Desktop\\Vault2\\vaultbot\\chat\\Chat-did-you-do-the-proper-research-first-so-that-you-k.md", "inputs": {"topic": "Chat: did you do the proper research first so that you k"}}}
{"timestamp": "2026-07-24T18:33:19.280630+00:00", "action": "chat_create", "details": {"file_path": "C:\\Users\\skell\\Desktop\\Vault2\\vaultbot\\chat\\Chat-yes-lmao-please-do-it-correctly.md", "inputs": {"topic": "Chat: yes lmao please do it correctly"}}}
{"timestamp": "2026-07-24T18:37:18.490600+00:00", "action": "chat_create", "details": {"file_path": "C:\\Users\\skell\\Desktop\\Vault2\\vaultbot\\chat\\Chat-do-you-know-why-the-research-backend-doesnt-work.md", "inputs": {"topic": "Chat: do you know why the research backend doesn't work?"}}}
{"timestamp": "2026-07-24T18:41:15.887674+00:00", "action": "chat_create", "details": {"file_path": "C:\\Users\\skell\\Desktop\\Vault2\\vaultbot\\chat\\Chat-yes-seek-to-prevent-this-issue-from-happening-in.md", "inputs": {"topic": "Chat: yes, seek to prevent this issue from happening in "}}}
{"timestamp": "2026-07-24T18:48:26.319683+00:00", "action": "chat_create", "details": {"file_path": "C:\\Users\\skell\\Desktop\\Vault2\\vaultbot\\chat\\Chat-what-were-we-doing.md", "inputs": {"topic": "Chat: what were we doing?"}}}
{"timestamp": "2026-07-24T18:49:44.298586+00:00", "action": "chat_create", "details": {"file_path": "C:\\Users\\skell\\Desktop\\Vault2\\vaultbot\\chat\\Chat-why-dont-you-just-download-textbooks-to-educate-y.md", "inputs": {"topic": "Chat: why don't you just download textbooks to educate y"}}}
{"timestamp": "2026-07-24T18:58:32.229923+00:00", "action": "research_create", "details": {"file_path": "C:\\Users\\skell\\Desktop\\Vault2\\vaultbot\\research\\note-namemd.md", "topic": "note-name.md"}}
{"timestamp": "2026-07-24T19:36:12.733781+00:00", "action": "chat_create", "details": {"file_path": "C:\\Users\\skell\\Desktop\\Vault2\\vaultbot\\chat\\Chat-Yeah-it-was-good-homie.md", "inputs": {"topic": "Chat: Yeah, it was good, homie."}}}
{"timestamp": "2026-07-24T19:37:51.942168+00:00", "action": "chat_create", "details": {"file_path": "C:\\Users\\skell\\Desktop\\Vault2\\vaultbot\\chat\\Chat-Yes-start-learning-from-text-books.md", "inputs": {"topic": "Chat: Yes, start learning from text books."}}}
{"timestamp": "2026-07-24T19:40:41.867892+00:00", "action": "chat_create", "details": {"file_path": "C:\\Users\\skell\\Desktop\\Vault2\\vaultbot\\chat\\Chat-im-not-convinced-your-ingestion-worked-properly.md", "inputs": {"topic": "Chat: i'm not convinced your ingestion worked properly"}}}
{"timestamp": "2026-07-24T19:51:11.754631+00:00", "action": "chat_create", "details": {"file_path": "C:\\Users\\skell\\Desktop\\Vault2\\vaultbot\\chat\\Chat-use-real-textbooks-wtf-you-should-download-the-tex.md", "inputs": {"topic": "Chat: use real textbooks wtf you should download the tex"}}}
{"timestamp": "2026-07-24T19:53:54.966108+00:00", "action": "chat_create", "details": {"file_path": "C:\\Users\\skell\\Desktop\\Vault2\\vaultbot\\chat\\Chat-count-from-1-to-50-very-quickly-one-per-line.md", "inputs": {"topic": "Chat: count from 1 to 50 very quickly, one per line"}}}
{"timestamp": "2026-07-24T20:27:10.046669+00:00", "action": "chat_create", "details": {"file_path": "C:\\Users\\skell\\Desktop\\Vault2\\vaultbot\\chat\\Chat-did-you-get-stuck-or-something-you-seem-to-have-j.md", "inputs": {"topic": "Chat: did you get stuck or something? you seem to have j"}}}
{"timestamp": "2026-07-24T20:28:52.649359+00:00", "action": "chat_create", "details": {"file_path": "C:\\Users\\skell\\Desktop\\Vault2\\vaultbot\\chat\\Chat-find-a-textbook-that-relates-electronics-to-physic.md", "inputs": {"topic": "Chat: find a textbook that relates electronics to physic"}}}
{"timestamp": "2026-07-24T20:35:08.421770+00:00", "action": "chat_create", "details": {"file_path": "C:\\Users\\skell\\Desktop\\Vault2\\vaultbot\\chat\\Chat-youre-saying-you-cant-download-textbooks-for-me.md", "inputs": {"topic": "Chat: you're saying you can't download textbooks for me?"}}}
{"timestamp": "2026-07-24T20:36:17.373998+00:00", "action": "chat_create", "details": {"file_path": "C:\\Users\\skell\\Desktop\\Vault2\\vaultbot\\chat\\Chat-why-does-the-vault-graph-look-the-same-then.md", "inputs": {"topic": "Chat: why does the vault graph look the same then"}}}
{"timestamp": "2026-07-24T20:37:47.517113+00:00", "action": "chat_create", "details": {"file_path": "C:\\Users\\skell\\Desktop\\Vault2\\vaultbot\\chat\\Chat-i-really-dont-care-how-you-organize-your-own-brai.md", "inputs": {"topic": "Chat: i really don't care how you organize your own brai"}}}
{"timestamp": "2026-07-24T20:40:35.986131+00:00", "action": "chat_create", "details": {"file_path": "C:\\Users\\skell\\Desktop\\Vault2\\vaultbot\\chat\\Chat-yes-so-go-find-and-download-all-the-textbooks-you.md", "inputs": {"topic": "Chat: yes so go find and download all the textbooks you'"}}}
{"timestamp": "2026-07-24T20:45:37.121147+00:00", "action": "chat_create", "details": {"file_path": "C:\\Users\\skell\\Desktop\\Vault2\\vaultbot\\chat\\Chat-i-told-you-to-never-use-wikipedia-again.md", "inputs": {"topic": "Chat: i told you to never use wikipedia again"}}}
{"timestamp": "2026-07-24T20:49:30.323626+00:00", "action": "chat_create", "details": {"file_path": "C:\\Users\\skell\\Desktop\\Vault2\\vaultbot\\chat\\Chat-get-rid-of-anything-that-was-gotten-from-wikepedia.md", "inputs": {"topic": "Chat: get rid of anything that was gotten from wikepedia"}}}
{"timestamp": "2026-07-24T20:52:41.348749+00:00", "action": "chat_create", "details": {"file_path": "C:\\Users\\skell\\Desktop\\Vault2\\vaultbot\\chat\\Chat-i-think-you-broke-some-of-your-knowledge-from-that.md", "inputs": {"topic": "Chat: i think you broke some of your knowledge from that"}}}
{"timestamp": "2026-07-24T20:58:37.900022+00:00", "action": "chat_create", "details": {"file_path": "C:\\Users\\skell\\Desktop\\Vault2\\vaultbot\\chat\\Chat-you-now-have-three-textbooks-in-your-learningMater.md", "inputs": {"topic": "Chat: you now have three textbooks in your learningMater"}}}
{"timestamp": "2026-07-24T21:20:00.887367+00:00", "action": "chat_create", "details": {"file_path": "C:\\Users\\skell\\Desktop\\Vault2\\vaultbot\\chat\\Chat-did-you-finish-or-get-stuck-i-cant-tell.md", "inputs": {"topic": "Chat: did you finish or get stuck i can't tell"}}}
{"timestamp": "2026-07-24T21:37:47.912311+00:00", "action": "research_create", "details": {"file_path": "C:\\Users\\skell\\Desktop\\Vault2\\vaultbot\\research\\Voyager-Minecraft-agent-self-improvement-skill-library-how-LLM-agents-build-reus.md", "topic": "Voyager Minecraft agent self-improvement skill library: how LLM agents build reusable tools and code libraries for themselves"}}
{"timestamp": "2026-07-24T21:47:14.392235+00:00", "action": "research_create", "details": {"file_path": "C:\\Users\\skell\\Desktop\\Vault2\\vaultbot\\research\\how-to-build-a-self-hosted-SearXNG-meta-search-engine-in-Docker-with-limiter-dis.md", "topic": "how to build a self-hosted SearXNG meta-search engine in Docker with limiter disabled for AI agent use"}}
{"timestamp": "2026-07-24T22:30:53.648912+00:00", "action": "chat_create", "details": {"file_path": "C:\\Users\\skell\\Desktop\\Vault2\\vaultbot\\chat\\Chat-nah-dude-the-research-tools-and-textbook-ingester.md", "inputs": {"topic": "Chat: nah dude the research tools and textbook ingester "}}}
{"timestamp": "2026-07-24T22:37:19.192624+00:00", "action": "research_create", "details": {"file_path": "C:\\Users\\skell\\Desktop\\Vault2\\vaultbot\\research\\Six-Degrees-Of-Separation.md", "topic": "Six-Degrees-Of-Separation"}}
{"timestamp": "2026-07-24T22:37:36.191813+00:00", "action": "research_create", "details": {"file_path": "C:\\Users\\skell\\Desktop\\Vault2\\vaultbot\\research\\note-namemd.md", "topic": "note-name.md"}}
{"timestamp": "2026-07-24T22:58:15.881544+00:00", "action": "chat_create", "details": {"file_path": "C:\\Users\\skell\\Desktop\\Vault2\\vaultbot\\chat\\Chat-Soapbath-do-you-copy.md", "inputs": {"topic": "Chat: Soapbath, do you copy?"}}}
{"timestamp": "2026-07-24T23:06:31.883272+00:00", "action": "research_create", "details": {"file_path": "C:\\Users\\skell\\Desktop\\Vault2\\vaultbot\\research\\python-programming-toc.md", "topic": "python-programming-toc"}}
{"timestamp": "2026-07-25T02:03:25.037128+00:00", "action": "chat_create", "details": {"file_path": "C:\\Users\\skell\\Desktop\\Vault2\\vaultbot\\chat\\Chat-please-ingest-all-the-learning-material-in-the-lea.md", "inputs": {"topic": "Chat: please ingest all the learning material in the lea"}}}
{"timestamp": "2026-07-25T03:05:17.885900+00:00", "action": "chat_create", "details": {"file_path": "C:\\Users\\skell\\Desktop\\Vault2\\vaultbot\\chat\\Chat-is-everything-from-learningmaterial-ingested.md", "inputs": {"topic": "Chat: is everything from learningmaterial ingested?"}}}
{"timestamp": "2026-07-25T03:05:48.562419+00:00", "action": "research_create", "details": {"file_path": "C:\\Users\\skell\\Desktop\\Vault2\\vaultbot\\research\\calculus-36-t.md", "topic": "calculus-36-t"}}
{"timestamp": "2026-07-25T03:08:45.179346+00:00", "action": "research_create", "details": {"file_path": "C:\\Users\\skell\\Desktop\\Vault2\\vaultbot\\research\\calculus-44-t.md", "topic": "calculus-44-t"}}
{"timestamp": "2026-07-25T03:09:27.883569+00:00", "action": "chat_create", "details": {"file_path": "C:\\Users\\skell\\Desktop\\Vault2\\vaultbot\\chat\\Chat-ingest-all-with-no-limits-now-please.md", "inputs": {"topic": "Chat: ingest all with no limits now please"}}}
{"timestamp": "2026-07-25T03:19:34.027898+00:00", "action": "research_create", "details": {"file_path": "C:\\Users\\skell\\Desktop\\Vault2\\vaultbot\\research\\physics-a-larger-change-in-direction.md", "topic": "physics-a-larger-change-in-direction"}}
{"timestamp": "2026-07-25T03:25:47.841490+00:00", "action": "research_create", "details": {"file_path": "C:\\Users\\skell\\Desktop\\Vault2\\vaultbot\\research\\physics-corner-reflectors-retroreflectors.md", "topic": "physics-corner-reflectors-retroreflectors"}}
{"timestamp": "2026-07-25T03:44:54.283827+00:00", "action": "research_create", "details": {"file_path": "C:\\Users\\skell\\Desktop\\Vault2\\vaultbot\\research\\calculus-38-i.md", "topic": "calculus-38-i"}}
{"timestamp": "2026-07-25T03:45:52.322114+00:00", "action": "research_create", "details": {"file_path": "C:\\Users\\skell\\Desktop\\Vault2\\vaultbot\\research\\calculus-42-l.md", "topic": "calculus-42-l"}}
{"timestamp": "2026-07-25T03:53:27.574836+00:00", "action": "research_create", "details": {"file_path": "C:\\Users\\skell\\Desktop\\Vault2\\vaultbot\\research\\calculus-47-a.md", "topic": "calculus-47-a"}}
{"timestamp": "2026-07-25T03:53:54.558290+00:00", "action": "research_create", "details": {"file_path": "C:\\Users\\skell\\Desktop\\Vault2\\vaultbot\\research\\calculus-51-a.md", "topic": "calculus-51-a"}}
{"timestamp": "2026-07-25T04:04:24.974644+00:00", "action": "research_create", "details": {"file_path": "C:\\Users\\skell\\Desktop\\Vault2\\vaultbot\\research\\calculus-52-t.md", "topic": "calculus-52-t"}}
{"timestamp": "2026-07-25T04:04:50.025830+00:00", "action": "research_create", "details": {"file_path": "C:\\Users\\skell\\Desktop\\Vault2\\vaultbot\\research\\calculus-32-t.md", "topic": "calculus-32-t"}}
{"timestamp": "2026-07-25T04:15:20.930483+00:00", "action": "research_create", "details": {"file_path": "C:\\Users\\skell\\Desktop\\Vault2\\vaultbot\\research\\calculus-25-t.md", "topic": "calculus-25-t"}}
{"timestamp": "2026-07-25T04:15:48.299857+00:00", "action": "research_create", "details": {"file_path": "C:\\Users\\skell\\Desktop\\Vault2\\vaultbot\\research\\calculus-410-a.md", "topic": "calculus-410-a"}}
{"timestamp": "2026-07-25T04:26:22.012229+00:00", "action": "research_create", "details": {"file_path": "C:\\Users\\skell\\Desktop\\Vault2\\vaultbot\\research\\calculus-3-w.md", "topic": "calculus-3-w"}}
{"timestamp": "2026-07-25T04:33:41.246208+00:00", "action": "research_create", "details": {"file_path": "C:\\Users\\skell\\Desktop\\Vault2\\vaultbot\\research\\calculus-4-s.md", "topic": "calculus-4-s"}}
{"timestamp": "2026-07-25T04:44:06.113166+00:00", "action": "research_create", "details": {"file_path": "C:\\Users\\skell\\Desktop\\Vault2\\vaultbot\\research\\calculus-3-a.md", "topic": "calculus-3-a"}}
{"timestamp": "2026-07-25T04:44:37.354358+00:00", "action": "research_create", "details": {"file_path": "C:\\Users\\skell\\Desktop\\Vault2\\vaultbot\\research\\calculus-6-s.md", "topic": "calculus-6-s"}}
{"timestamp": "2026-07-25T04:55:44.903408+00:00", "action": "research_create", "details": {"file_path": "C:\\Users\\skell\\Desktop\\Vault2\\vaultbot\\research\\calculus-5-r.md", "topic": "calculus-5-r"}}
{"timestamp": "2026-07-25T04:56:27.935267+00:00", "action": "research_create", "details": {"file_path": "C:\\Users\\skell\\Desktop\\Vault2\\vaultbot\\research\\calculus-2-a.md", "topic": "calculus-2-a"}}
{"timestamp": "2026-07-25T05:07:20.123756+00:00", "action": "research_create", "details": {"file_path": "C:\\Users\\skell\\Desktop\\Vault2\\vaultbot\\research\\calculus-6-b.md", "topic": "calculus-6-b"}}
{"timestamp": "2026-07-25T05:07:58.718398+00:00", "action": "research_create", "details": {"file_path": "C:\\Users\\skell\\Desktop\\Vault2\\vaultbot\\research\\calculus-4-a.md", "topic": "calculus-4-a"}}
{"timestamp": "2026-07-25T05:18:51.885495+00:00", "action": "research_create", "details": {"file_path": "C:\\Users\\skell\\Desktop\\Vault2\\vaultbot\\research\\calculus-1-p.md", "topic": "calculus-1-p"}}
{"timestamp": "2026-07-25T05:19:35.408235+00:00", "action": "research_create", "details": {"file_path": "C:\\Users\\skell\\Desktop\\Vault2\\vaultbot\\research\\biology-2e-gonads.md", "topic": "biology-2e-gonads"}}
{"timestamp": "2026-07-25T05:30:30.245343+00:00", "action": "research_create", "details": {"file_path": "C:\\Users\\skell\\Desktop\\Vault2\\vaultbot\\research\\biology-2e-steroids.md", "topic": "biology-2e-steroids"}}
{"timestamp": "2026-07-25T17:43:15.267392+00:00", "action": "research_create", "details": {"file_path": "C:\\Users\\skell\\Desktop\\Vault2\\vaultbot\\research\\Six-Degrees-Of-Separation.md", "topic": "Six-Degrees-Of-Separation"}}
{"timestamp": "2026-07-25T17:48:20.373556+00:00", "action": "research_create", "details": {"file_path": "C:\\Users\\skell\\Desktop\\Vault2\\vaultbot\\research\\Six-Degrees-Of-Separation.md", "topic": "Six-Degrees-Of-Separation"}}
{"timestamp": "2026-07-25T17:50:50.901469+00:00", "action": "research_create", "details": {"file_path": "C:\\Users\\skell\\Desktop\\Vault2\\vaultbot\\research\\Six-Degrees-Of-Separation.md", "topic": "Six-Degrees-Of-Separation"}}
{"timestamp": "2026-07-25T17:59:07.304685+00:00", "action": "research_create", "details": {"file_path": "C:\\Users\\skell\\Desktop\\Vault2\\vaultbot\\research\\Six-Degrees-Of-Separation.md", "topic": "Six-Degrees-Of-Separation"}}
{"timestamp": "2026-07-25T18:04:49.744894+00:00", "action": "research_create", "details": {"file_path": "C:\\Users\\skell\\Desktop\\Vault2\\vaultbot\\research\\biology-2e-gonads.md", "topic": "biology-2e-gonads"}}
{"timestamp": "2026-07-25T18:04:58.498362+00:00", "action": "research_create", "details": {"file_path": "C:\\Users\\skell\\Desktop\\Vault2\\vaultbot\\research\\biology-2e-steroids.md", "topic": "biology-2e-steroids"}}
{"timestamp": "2026-07-25T20:40:34.505327+00:00", "action": "research_create", "details": {"file_path": "C:\\Users\\skell\\Desktop\\Vault2\\vaultbot\\research\\what-is-mitosis.md", "topic": "what is mitosis"}}
{"timestamp": "2026-07-25T20:40:58.218459+00:00", "action": "research_create", "details": {"file_path": "C:\\Users\\skell\\Desktop\\Vault2\\vaultbot\\research\\learningMaterialwebmicrobenotes-com-mitosis-ee5e21bbhtml.md", "topic": "learningMaterial/web/microbenotes-com-mitosis-ee5e21bb.html"}}
{"timestamp": "2026-07-25T20:51:23.592390+00:00", "action": "research_create", "details": {"file_path": "C:\\Users\\skell\\Desktop\\Vault2\\vaultbot\\research\\learningMaterialwebmicrobenotes-com-f29036eahtml.md", "topic": "learningMaterial/web/microbenotes-com-f29036ea.html"}}
{"timestamp": "2026-07-25T20:53:18.621549+00:00", "action": "research_create", "details": {"file_path": "C:\\Users\\skell\\Desktop\\Vault2\\vaultbot\\research\\learningMaterialwebchat-marginalia-nu-0b49d55ahtml.md", "topic": "learningMaterial/web/chat-marginalia-nu-0b49d55a.html"}}
{"timestamp": "2026-07-25T20:53:51.837549+00:00", "action": "chat_create", "details": {"file_path": "C:\\Users\\skell\\Desktop\\Vault2\\vaultbot\\chat\\Chat-hi.md", "inputs": {"topic": "Chat: hi"}}}
{"timestamp": "2026-07-25T20:53:54.476657+00:00", "action": "merge_duplicates", "details": {"kept": "C:\\Users\\skell\\Desktop\\Vault2\\vaultbot\\research\\learningMaterialwebchat-marginalia-nu-0b49d55ahtml.md", "removed": ["C:\\Users\\skell\\Desktop\\Vault2\\vaultbot\\research\\learningMaterialwebmicrobenotes-com-f29036eahtml.md"]}}
{"timestamp": "2026-07-25T20:54:36.900345+00:00", "action": "chat_create", "details": {"file_path": "C:\\Users\\skell\\Desktop\\Vault2\\vaultbot\\chat\\Chat-you-just-had-some-HUGE-upgrades-bruv.md", "inputs": {"topic": "Chat: you just had some HUGE upgrades bruv"}}}
{"timestamp": "2026-07-25T20:56:36.403098+00:00", "action": "chat_create", "details": {"file_path": "C:\\Users\\skell\\Desktop\\Vault2\\vaultbot\\chat\\Chat-rn-were-j-testing-you-out.md", "inputs": {"topic": "Chat: rn we're j testing you out"}}}
{"timestamp": "2026-07-25T21:19:38.819165+00:00", "action": "chat_append", "details": {"file_path": "C:\\Users\\skell\\Desktop\\Vault2\\vaultbot\\chat\\Chat-hi.md", "inputs": {"topic": "Chat: hi"}}}
{"timestamp": "2026-07-25T21:20:51.300495+00:00", "action": "chat_create", "details": {"file_path": "C:\\Users\\skell\\Desktop\\Vault2\\vaultbot\\chat\\Chat-self-audit-for-ease-of-use-from-YOUR-the-LLMs-n.md", "inputs": {"topic": "Chat: self-audit for ease-of-use from YOUR (the LLM's, n"}}}
{"timestamp": "2026-07-25T21:24:00.825667+00:00", "action": "chat_create", "details": {"file_path": "C:\\Users\\skell\\Desktop\\Vault2\\vaultbot\\chat\\Chat-yes-fix-what-you-can-on-your-own.md", "inputs": {"topic": "Chat: yes fix what you can on your own"}}}
{"timestamp": "2026-07-25T21:26:46.918227+00:00", "action": "chat_create", "details": {"file_path": "C:\\Users\\skell\\Desktop\\Vault2\\vaultbot\\chat\\Chat-when-you-dont-have-the-answer-in-the-vault-AND-re.md", "inputs": {"topic": "Chat: when you don't have the answer in the vault AND re"}}}
{"timestamp": "2026-07-25T21:28:00.235469+00:00", "action": "chat_create", "details": {"file_path": "C:\\Users\\skell\\Desktop\\Vault2\\vaultbot\\chat\\Chat-try-editing-2026-07-25-doc.md", "inputs": {"topic": "Chat: try editing [2026-07-25] doc"}}}
{"timestamp": "2026-07-25T21:29:23.554781+00:00", "action": "research_create", "details": {"file_path": "C:\\Users\\skell\\Desktop\\Vault2\\vaultbot\\research\\wikilinks.md", "topic": "wikilinks"}}
{"timestamp": "2026-07-25T21:32:17.108400+00:00", "action": "chat_create", "details": {"file_path": "C:\\Users\\skell\\Desktop\\Vault2\\vaultbot\\chat\\Chat-whats-with-all-the-junk-empty-files.md", "inputs": {"topic": "Chat: what's with all the junk empty files?"}}}
{"timestamp": "2026-07-25T21:34:16.446060+00:00", "action": "chat_create", "details": {"file_path": "C:\\Users\\skell\\Desktop\\Vault2\\vaultbot\\chat\\Chat-yeah-give-yourself-the-ability-to-safe-delete-some.md", "inputs": {"topic": "Chat: yeah give yourself the ability to safe-delete some"}}}
{"timestamp": "2026-07-25T21:35:17.461794+00:00", "action": "chat_create", "details": {"file_path": "C:\\Users\\skell\\Desktop\\Vault2\\vaultbot\\chat\\Chat-yes-delete-and-then-clean-up-wikilinks.md", "inputs": {"topic": "Chat: yes delete and then clean up wikilinks"}}}
{"timestamp": "2026-07-25T21:39:03.062405+00:00", "action": "chat_create", "details": {"file_path": "C:\\Users\\skell\\Desktop\\Vault2\\vaultbot\\chat\\Chat-fix-that-issue-with-the-tool-that-you-found-now-pl.md", "inputs": {"topic": "Chat: fix that issue with the tool that you found now pl"}}}
{"timestamp": "2026-07-25T21:40:12.881411+00:00", "action": "research_create", "details": {"file_path": "C:\\Users\\skell\\Desktop\\Vault2\\vaultbot\\research\\Other-post.md", "topic": "Other post"}}
{"timestamp": "2026-07-25T21:40:44.574749+00:00", "action": "research_create", "details": {"file_path": "C:\\Users\\skell\\Desktop\\Vault2\\vaultbot\\research\\pathtofilehtml.md", "topic": "path/to/file.html"}}
{"timestamp": "2026-07-25T21:44:41.361748+00:00", "action": "chat_create", "details": {"file_path": "C:\\Users\\skell\\Desktop\\Vault2\\vaultbot\\chat\\Chat-any-other-ways-that-you-could-improve-yourself-so.md", "inputs": {"topic": "Chat: any other ways that you could improve yourself so "}}}
{"timestamp": "2026-07-25T21:48:45.499984+00:00", "action": "chat_create", "details": {"file_path": "C:\\Users\\skell\\Desktop\\Vault2\\vaultbot\\chat\\Chat-im-not-convinced-that-you-actually-understand-you.md", "inputs": {"topic": "Chat: i'm not convinced that you actually understand you"}}}
{"timestamp": "2026-07-25T21:51:45.379949+00:00", "action": "research_create", "details": {"file_path": "C:\\Users\\skell\\Desktop\\Vault2\\vaultbot\\research\\learningMaterialwebwikilinks-net-e7d87e2chtml.md", "topic": "learningMaterial/web/wikilinks-net-e7d87e2c.html"}}
{"timestamp": "2026-07-25T21:52:09.736378+00:00", "action": "chat_create", "details": {"file_path": "C:\\Users\\skell\\Desktop\\Vault2\\vaultbot\\chat\\Chat-this-isnt-about-you-the-cloud-model-do-all-the-g.md", "inputs": {"topic": "Chat: this isn't about \"you the cloud model do all the g"}}}
{"timestamp": "2026-07-25T21:52:12.073466+00:00", "action": "research_create", "details": {"file_path": "C:\\Users\\skell\\Desktop\\Vault2\\vaultbot\\research\\fake-link.md", "topic": "fake-link"}}
{"timestamp": "2026-07-25T21:55:42.141135+00:00", "action": "chat_create", "details": {"file_path": "C:\\Users\\skell\\Desktop\\Vault2\\vaultbot\\chat\\Chat-that-was-way-too-much-and-tbh-i-didnt-read-it-ju.md", "inputs": {"topic": "Chat: that was way too much and tbh i didn't read it. ju"}}}
{"timestamp": "2026-07-25T21:58:55.682575+00:00", "action": "research_create", "details": {"file_path": "C:\\Users\\skell\\Desktop\\Vault2\\vaultbot\\research\\semantic-knowledge-graph-structure-that-encodes-reasoning-in-edges-between-nodes.md", "topic": "semantic knowledge graph structure that encodes reasoning in edges between nodes, not just in node content — how to store information so graph traversal produces coherent thoughts"}}
{"timestamp": "2026-07-25T22:00:24.965307+00:00", "action": "research_create", "details": {"file_path": "C:\\Users\\skell\\Desktop\\Vault2\\vaultbot\\research\\typed-wikilinks-and-semantic-relationships-in-personal-knowledge-management-how-.md", "topic": "typed wikilinks and semantic relationships in personal knowledge management — how to annotate links with meaning (causes, implies, contradicts, supports) rather than flat \"see also\" connections"}}
{"timestamp": "2026-07-25T22:02:03.587362+00:00", "action": "chat_create", "details": {"file_path": "C:\\Users\\skell\\Desktop\\Vault2\\vaultbot\\chat\\Chat-ok-go-ahead-and-do-all-the-research-you-need-to-in.md", "inputs": {"topic": "Chat: ok go ahead and do all the research you need to in"}}}
{"timestamp": "2026-07-25T22:02:56.127516+00:00", "action": "research_create", "details": {"file_path": "C:\\Users\\skell\\Desktop\\Vault2\\vaultbot\\research\\Target.md", "topic": "Target"}}
{"timestamp": "2026-07-25T22:03:26.013073+00:00", "action": "research_create", "details": {"file_path": "C:\\Users\\skell\\Desktop\\Vault2\\vaultbot\\research\\researchrag-graph-retrieval-vs-graph-reasoning.md", "topic": "research/rag-graph-retrieval-vs-graph-reasoning"}}
{"timestamp": "2026-07-25T22:08:26.702331+00:00", "action": "chat_create", "details": {"file_path": "C:\\Users\\skell\\Desktop\\Vault2\\vaultbot\\chat\\Chat-if-thats-the-best-way-to-do-it-then-yes-if-there.md", "inputs": {"topic": "Chat: if that's the best way to do it then yes. if there"}}}
{"timestamp": "2026-07-25T22:13:12.414124+00:00", "action": "chat_create", "details": {"file_path": "C:\\Users\\skell\\Desktop\\Vault2\\vaultbot\\chat\\Chat-option-D-arguments-are-constructed-in-memory-eph.md", "inputs": {"topic": "Chat: option D: arguments are constructed in-memory (eph"}}}
{"timestamp": "2026-07-25T22:14:25.829241+00:00", "action": "research_create", "details": {"file_path": "C:\\Users\\skell\\Desktop\\Vault2\\vaultbot\\research\\Note-C.md", "topic": "Note C"}}
{"timestamp": "2026-07-25T22:15:30.189546+00:00", "action": "chat_create", "details": {"file_path": "C:\\Users\\skell\\Desktop\\Vault2\\vaultbot\\chat\\Chat-im-not-convinced-of-my-previous-idea-about-epheme.md", "inputs": {"topic": "Chat: i'm not convinced of my previous idea about epheme"}}}
{"timestamp": "2026-07-25T22:18:11.361488+00:00", "action": "chat_create", "details": {"file_path": "C:\\Users\\skell\\Desktop\\Vault2\\vaultbot\\chat\\Chat-i-like-it-yeah-just-as-long-as-the-vault-can-think.md", "inputs": {"topic": "Chat: i like it yeah just as long as the vault can think"}}}
{"timestamp": "2026-07-25T22:19:40.374117+00:00", "action": "chat_create", "details": {"file_path": "C:\\Users\\skell\\Desktop\\Vault2\\vaultbot\\chat\\Chat-ok-and-how-do-you-enforce-the-better-notes-becau.md", "inputs": {"topic": "Chat: ok and how do you enforce the \"better notes\" becau"}}}
{"timestamp": "2026-07-25T22:22:27.459493+00:00", "action": "chat_create", "details": {"file_path": "C:\\Users\\skell\\Desktop\\Vault2\\vaultbot\\chat\\Chat-yes-please-do-that.md", "inputs": {"topic": "Chat: yes please do that"}}}
{"timestamp": "2026-07-25T22:25:05.935102+00:00", "action": "research_create", "details": {"file_path": "C:\\Users\\skell\\Desktop\\Vault2\\vaultbot\\research\\Ephemeral-Argument-Architecture.md", "topic": "Ephemeral-Argument-Architecture"}}
{"timestamp": "2026-07-25T22:26:06.633873+00:00", "action": "research_create", "details": {"file_path": "C:\\Users\\skell\\Desktop\\Vault2\\vaultbot\\research\\Low-Power-Pedal-Assumption.md", "topic": "Low-Power Pedal Assumption"}}
{"timestamp": "2026-07-25T22:32:19.487011+00:00", "action": "chat_create", "details": {"file_path": "C:\\Users\\skell\\Desktop\\Vault2\\vaultbot\\chat\\Chat-stop-and-make-sure-that-you-arent-unburying-a-din.md", "inputs": {"topic": "Chat: stop and make sure that you aren't unburying a din"}}}
{"timestamp": "2026-07-25T22:32:54.836536+00:00", "action": "chat_create", "details": {"file_path": "C:\\Users\\skell\\Desktop\\Vault2\\vaultbot\\chat\\Chat-ok-so-youre-all-done-now.md", "inputs": {"topic": "Chat: ok so you're all done now?"}}}
{"timestamp": "2026-07-25T22:42:51.503551+00:00", "action": "research_create", "details": {"file_path": "C:\\Users\\skell\\Desktop\\Vault2\\vaultbot\\research\\researchwikilinks-and-named-edges.md", "topic": "research/wikilinks-and-named-edges"}}
{"timestamp": "2026-07-25T22:45:02.265977+00:00", "action": "research_create", "details": {"file_path": "C:\\Users\\skell\\Desktop\\Vault2\\vaultbot\\research\\Battery-Drain.md", "topic": "Battery Drain"}}
{"timestamp": "2026-07-25T22:45:41.227691+00:00", "action": "research_create", "details": {"file_path": "C:\\Users\\skell\\Desktop\\Vault2\\vaultbot\\research\\Battery-Drain-in-PT2399-Pedals.md", "topic": "Battery Drain in PT2399 Pedals"}}
{"timestamp": "2026-07-25T22:51:10.783877+00:00", "action": "research_create", "details": {"file_path": "C:\\Users\\skell\\Desktop\\Vault2\\vaultbot\\research\\Note-B.md", "topic": "Note B"}}
{"timestamp": "2026-07-25T22:51:56.604911+00:00", "action": "research_create", "details": {"file_path": "C:\\Users\\skell\\Desktop\\Vault2\\vaultbot\\research\\Note-A.md", "topic": "Note A"}}
{"timestamp": "2026-07-25T22:57:31.067645+00:00", "action": "research_create", "details": {"file_path": "C:\\Users\\skell\\Desktop\\Vault2\\vaultbot\\research\\Low-Power-Assumption.md", "topic": "Low-Power Assumption"}}
{"timestamp": "2026-07-25T23:06:24.850928+00:00", "action": "research_create", "details": {"file_path": "C:\\Users\\skell\\Desktop\\Vault2\\vaultbot\\research\\Self-Audit-Friction-Points.md", "topic": "Self-Audit-Friction-Points"}}
{"timestamp": "2026-07-25T23:07:02.859862+00:00", "action": "research_create", "details": {"file_path": "C:\\Users\\skell\\Desktop\\Vault2\\vaultbot\\research\\Benchmark-Data.md", "topic": "Benchmark Data"}}
{"timestamp": "2026-07-25T23:17:58.535308+00:00", "action": "research_create", "details": {"file_path": "C:\\Users\\skell\\Desktop\\Vault2\\vaultbot\\research\\Caching-Approach.md", "topic": "Caching Approach"}}
{"timestamp": "2026-07-25T23:25:48.488021+00:00", "action": "chat_create", "details": {"file_path": "C:\\Users\\skell\\Desktop\\Vault2\\vaultbot\\chat\\Chat-sup-homie.md", "inputs": {"topic": "Chat: sup homie"}}}
{"timestamp": "2026-07-25T23:42:36.817353+00:00", "action": "chat_create", "details": {"file_path": "C:\\Users\\skell\\Desktop\\Vault2\\vaultbot\\chat\\Chat-tell-me-one-of-the-coolest-equations-in-that-calc.md", "inputs": {"topic": "Chat: tell me one of the coolest equations in that calc "}}}
{"timestamp": "2026-07-25T23:52:55.930305+00:00", "action": "chat_create", "details": {"file_path": "C:\\Users\\skell\\Desktop\\Vault2\\vaultbot\\chat\\Chat-you-got-all-that-from-the-textbook-and-you-didnt.md", "inputs": {"topic": "Chat: you got all that from the textbook and you didn't "}}}
{"timestamp": "2026-07-25T23:58:01.720328+00:00", "action": "chat_create", "details": {"file_path": "C:\\Users\\skell\\Desktop\\Vault2\\vaultbot\\chat\\Chat-nah-i-believe-you-for-now-at-least-lol-how-do-you.md", "inputs": {"topic": "Chat: nah i believe you for now at least lol. how do you"}}}
{"timestamp": "2026-07-26T00:03:19.576503+00:00", "action": "chat_create", "details": {"file_path": "C:\\Users\\skell\\Desktop\\Vault2\\vaultbot\\chat\\Chat-NO-the-vaultbot-framework-should-work-from-day-1.md", "inputs": {"topic": "Chat: NO. the vaultbot framework should work from day 1 "}}}
{"timestamp": "2026-07-26T00:08:42.854215+00:00", "action": "research_create", "details": {"file_path": "C:\\Users\\skell\\Desktop\\Vault2\\vaultbot\\research\\how-to-build-deterministic-scaffolding-for-small-language-models-so-they-can-do-.md", "topic": "how to build deterministic scaffolding for small language models so they can do function calling, research, and tool use without a large model — frameworks, templates, decision trees, and procedural prompting techniques for 30B-class models"}}
{"timestamp": "2026-07-26T00:09:14.556309+00:00", "action": "research_create", "details": {"file_path": "C:\\Users\\skell\\Desktop\\Vault2\\vaultbot\\research\\few-shot-prompting-examples-and-techniques-for-small-language-models-doing-funct.md", "topic": "few-shot prompting examples and techniques for small language models doing function calling and tool use — real patterns, templates, and code examples that work with 30B local models like Llama 3 and Qwen 2.5"}}
{"timestamp": "2026-07-26T00:10:11.070654+00:00", "action": "research_create", "details": {"file_path": "C:\\Users\\skell\\Desktop\\Vault2\\vaultbot\\research\\deterministic-agent-frameworks-for-small-language-models-how-to-build-AI-agent-s.md", "topic": "deterministic agent frameworks for small language models — how to build AI agent systems that work with 30B local models using structured outputs, JSON schemas, constrained decoding, and rule-based tool routing instead of relying on large model reasoning"}}
{"timestamp": "2026-07-26T00:10:59.181388+00:00", "action": "research_create", "details": {"file_path": "C:\\Users\\skell\\Desktop\\Vault2\\vaultbot\\research\\Microsoft-Hermes-Qwen-small-language-model-function-calling-how-30B-models-do-to.md", "topic": "Microsoft Hermes Qwen small language model function calling — how 30B models do tool use with structured prompts, system prompt templates for function calling, and what frameworks exist for making small models reliable at tool selection"}}
{"timestamp": "2026-07-26T00:12:27.286943+00:00", "action": "chat_create", "details": {"file_path": "C:\\Users\\skell\\Desktop\\Vault2\\vaultbot\\chat\\Chat-begin.md", "inputs": {"topic": "Chat: begin"}}}
{"timestamp": "2026-07-26T00:16:52.214291+00:00", "action": "chat_create", "details": {"file_path": "C:\\Users\\skell\\Desktop\\Vault2\\vaultbot\\chat\\Chat-how-would-we-implement-any-of-that-without-needing.md", "inputs": {"topic": "Chat: how would we implement any of that without needing"}}}
{"timestamp": "2026-07-26T00:21:20.375923+00:00", "action": "chat_create", "details": {"file_path": "C:\\Users\\skell\\Desktop\\Vault2\\vaultbot\\chat\\Chat-yeah-plan-that-all-out-in-the-vault-first-so-that.md", "inputs": {"topic": "Chat: yeah plan that all out in the vault first so that "}}}
{"timestamp": "2026-07-26T00:26:02.205483+00:00", "action": "research_create", "details": {"file_path": "C:\\Users\\skell\\Desktop\\Vault2\\vaultbot\\research\\Can-30B-parameter-LLM-models-reliably-follow-step-by-step-procedural-instruction.md", "topic": "Can 30B parameter LLM models reliably follow step-by-step procedural instructions for tool use and task execution without hallucinating or skipping steps"}}
{"timestamp": "2026-07-26T00:26:59.771626+00:00", "action": "research_create", "details": {"file_path": "C:\\Users\\skell\\Desktop\\Vault2\\vaultbot\\research\\Self-improving-AI-agent-systems-that-bootstrap-from-web-found-procedures-rather-.md", "topic": "Self-improving AI agent systems that bootstrap from web-found procedures rather than human-authored rules - how do they handle cold start and procedure quality"}}
{"timestamp": "2026-07-26T00:29:01.221092+00:00", "action": "chat_create", "details": {"file_path": "C:\\Users\\skell\\Desktop\\Vault2\\vaultbot\\chat\\Chat-iterate-one-more-time-on-that-plan-do-a-last-minu.md", "inputs": {"topic": "Chat: iterate one more time on that plan. do a last-minu"}}}
{"timestamp": "2026-07-26T00:30:54.245122+00:00", "action": "research_create", "details": {"file_path": "C:\\Users\\skell\\Desktop\\Vault2\\vaultbot\\research\\Other-Procedure.md", "topic": "Other-Procedure"}}
{"timestamp": "2026-07-26T00:30:54.683210+00:00", "action": "chat_create", "details": {"file_path": "C:\\Users\\skell\\Desktop\\Vault2\\vaultbot\\chat\\Chat-im-gonna-trip-you-up-now-with-a-new-idea-sorry-w.md", "inputs": {"topic": "Chat: i'm gonna trip you up now with a new idea sorry: w"}}}
{"timestamp": "2026-07-26T00:35:31.677062+00:00", "action": "chat_create", "details": {"file_path": "C:\\Users\\skell\\Desktop\\Vault2\\vaultbot\\chat\\Chat-yeah-go-ahead-and-add-the-falsifiable-section-if-y.md", "inputs": {"topic": "Chat: yeah go ahead and add the falsifiable section if y"}}}
{"timestamp": "2026-07-26T00:36:53.033617+00:00", "action": "chat_create", "details": {"file_path": "C:\\Users\\skell\\Desktop\\Vault2\\vaultbot\\chat\\Chat-cool-beans-so-are-you-ready-to-build-the-new-part.md", "inputs": {"topic": "Chat: cool beans so are you ready to build the new part "}}}
{"timestamp": "2026-07-26T00:42:11.678648+00:00", "action": "research_create", "details": {"file_path": "C:\\Users\\skell\\Desktop\\Vault2\\vaultbot\\research\\Some-Note.md", "topic": "Some-Note"}}
{"timestamp": "2026-07-26T00:43:20.111798+00:00", "action": "research_create", "details": {"file_path": "C:\\Users\\skell\\Desktop\\Vault2\\vaultbot\\research\\Related-Note.md", "topic": "Related Note"}}
{"timestamp": "2026-07-26T00:54:22.924268+00:00", "action": "research_create", "details": {"file_path": "C:\\Users\\skell\\Desktop\\Vault2\\vaultbot\\research\\Steady-State-Assumption.md", "topic": "Steady-State Assumption"}}
{"timestamp": "2026-07-26T01:09:36.352799+00:00", "action": "chat_append", "details": {"file_path": "C:\\Users\\skell\\Desktop\\Vault2\\vaultbot\\chat\\Chat-sup-homie.md", "inputs": {"topic": "Chat: sup homie"}}}
{"timestamp": "2026-07-26T01:10:43.698202+00:00", "action": "chat_create", "details": {"file_path": "C:\\Users\\skell\\Desktop\\Vault2\\vaultbot\\chat\\Chat-do-you-remember-what-we-were-planning-in-a-previou.md", "inputs": {"topic": "Chat: do you remember what we were planning in a previou"}}}
{"timestamp": "2026-07-26T01:13:05.806164+00:00", "action": "research_create", "details": {"file_path": "C:\\Users\\skell\\Desktop\\Vault2\\vaultbot\\research\\how-to-structure-a-research-note-for-a-knowledge-base-zettelkasten-method-academ.md", "topic": "how to structure a research note for a knowledge base: zettelkasten method, academic note structure, best practices for permanent notes"}}
{"timestamp": "2026-07-26T01:16:14.111717+00:00", "action": "research_create", "details": {"file_path": "C:\\Users\\skell\\Desktop\\Vault2\\vaultbot\\research\\how-to-evaluate-source-credibility-research-methodology-media-literacy-framework.md", "topic": "how to evaluate source credibility: research methodology, media literacy frameworks, source reliability assessment criteria"}}
{"timestamp": "2026-07-26T01:17:36.053596+00:00", "action": "research_create", "details": {"file_path": "C:\\Users\\skell\\Desktop\\Vault2\\vaultbot\\research\\how-to-evaluate-credibility-of-sources-for-academic-research.md", "topic": "how to evaluate credibility of sources for academic research"}}
{"timestamp": "2026-07-26T01:18:35.105129+00:00", "action": "chat_create", "details": {"file_path": "C:\\Users\\skell\\Desktop\\Vault2\\vaultbot\\chat\\Chat-yes-please-pick-back-up-where-we-left-off.md", "inputs": {"topic": "Chat: yes please pick back up where we left off"}}}
{"timestamp": "2026-07-26T01:22:38.837726+00:00", "action": "chat_create", "details": {"file_path": "C:\\Users\\skell\\Desktop\\Vault2\\vaultbot\\chat\\Chat-have-you-checked-your-work-and-made-sure-that-you.md", "inputs": {"topic": "Chat: have you checked your work and made sure that you "}}}
{"timestamp": "2026-07-26T01:35:23.890874+00:00", "action": "chat_create", "details": {"file_path": "C:\\Users\\skell\\Desktop\\Vault2\\vaultbot\\chat\\Chat-sup-homie-where-were-we.md", "inputs": {"topic": "Chat: sup homie where were we?"}}}
{"timestamp": "2026-07-26T01:36:10.407062+00:00", "action": "chat_create", "details": {"file_path": "C:\\Users\\skell\\Desktop\\Vault2\\vaultbot\\chat\\Chat-oh-yeah-the-plan-to-make-you-work-better-where-is.md", "inputs": {"topic": "Chat: oh yeah the plan to make you work better where is "}}}
{"timestamp": "2026-07-26T01:39:52.326511+00:00", "action": "chat_create", "details": {"file_path": "C:\\Users\\skell\\Desktop\\Vault2\\vaultbot\\chat\\Chat-wheres-the-one-plan-that-tells-you-how-to-improve.md", "inputs": {"topic": "Chat: where's the one plan that tells you how to improve"}}}
{"timestamp": "2026-07-26T01:46:50.705664+00:00", "action": "chat_create", "details": {"file_path": "C:\\Users\\skell\\Desktop\\Vault2\\vaultbot\\chat\\Chat-are-there-any-parts-that-you-need-to-flesh-out-in.md", "inputs": {"topic": "Chat: are there any parts that you need to flesh out in "}}}
{"timestamp": "2026-07-26T01:48:19.852257+00:00", "action": "research_create", "details": {"file_path": "C:\\Users\\skell\\Desktop\\Vault2\\vaultbot\\research\\How-to-implement-failure-logging-and-context-tracking-in-LLM-agent-systems-track.md", "topic": "How to implement failure logging and context tracking in LLM agent systems — tracking which context/prompt was used per turn, logging validation failures, patterns for agent self-improvement feedback loops"}}
{"timestamp": "2026-07-26T01:49:30.910618+00:00", "action": "research_create", "details": {"file_path": "C:\\Users\\skell\\Desktop\\Vault2\\vaultbot\\research\\AB-testing-of-prompts-and-procedures-in-production-LLM-agent-systems-how-to-run-.md", "topic": "A/B testing of prompts and procedures in production LLM agent systems — how to run two procedures on the same task type, compare results, promote winners"}}
{"timestamp": "2026-07-26T01:51:05.756880+00:00", "action": "research_create", "details": {"file_path": "C:\\Users\\skell\\Desktop\\Vault2\\vaultbot\\research\\Matching-free-text-failure-descriptions-against-expected-failure-conditions-rule.md", "topic": "Matching free-text failure descriptions against expected failure conditions — rule-based matching, fuzzy matching, structured failure classification without LLM judgment"}}
{"timestamp": "2026-07-26T01:54:10.070473+00:00", "action": "chat_create", "details": {"file_path": "C:\\Users\\skell\\Desktop\\Vault2\\vaultbot\\chat\\Chat-first-do-any-research-so-that-you-actually-know-wh.md", "inputs": {"topic": "Chat: first do any research so that you actually know wh"}}}
{"timestamp": "2026-07-26T01:56:24.749110+00:00", "action": "chat_create", "details": {"file_path": "C:\\Users\\skell\\Desktop\\Vault2\\vaultbot\\chat\\Chat-before-you-do-phase-3-are-you-sure-that-you-didn.md", "inputs": {"topic": "Chat: before you do phase 3: are you sure that you didn'"}}}
{"timestamp": "2026-07-26T01:59:10.835127+00:00", "action": "chat_create", "details": {"file_path": "C:\\Users\\skell\\Desktop\\Vault2\\vaultbot\\chat\\Chat-ok-go-ahead.md", "inputs": {"topic": "Chat: ok go ahead"}}}
{"timestamp": "2026-07-26T02:00:09.808894+00:00", "action": "chat_create", "details": {"file_path": "C:\\Users\\skell\\Desktop\\Vault2\\vaultbot\\chat\\Chat-ok-i-restarted-the-backend-how-do-you-feel-dawg.md", "inputs": {"topic": "Chat: ok i restarted the backend how do you feel dawg?"}}}
{"timestamp": "2026-07-26T02:01:14.967515+00:00", "action": "chat_create", "details": {"file_path": "C:\\Users\\skell\\Desktop\\Vault2\\vaultbot\\chat\\Chat-nah-dawg-you-built-phase-3-too-check-it-out.md", "inputs": {"topic": "Chat: nah dawg you built phase 3 too check it out"}}}
{"timestamp": "2026-07-26T02:02:29.052099+00:00", "action": "chat_create", "details": {"file_path": "C:\\Users\\skell\\Desktop\\Vault2\\vaultbot\\chat\\Chat-whats-next-is-you-update-yourself-so-you-know-whe.md", "inputs": {"topic": "Chat: what's next is you update yourself so you know whe"}}}
{"timestamp": "2026-07-26T02:03:44.544726+00:00", "action": "chat_create", "details": {"file_path": "C:\\Users\\skell\\Desktop\\Vault2\\vaultbot\\chat\\Chat-so-there-are-NO-stale-docs-rn.md", "inputs": {"topic": "Chat: so there are NO stale docs rn?"}}}
{"timestamp": "2026-07-26T02:08:16.882426+00:00", "action": "chat_create", "details": {"file_path": "C:\\Users\\skell\\Desktop\\Vault2\\vaultbot\\chat\\Chat-yes-do-that.md", "inputs": {"topic": "Chat: yes do that"}}}
{"timestamp": "2026-07-26T02:09:33.951188+00:00", "action": "chat_create", "details": {"file_path": "C:\\Users\\skell\\Desktop\\Vault2\\vaultbot\\chat\\Chat-fix-those-links-too-please-thank-you.md", "inputs": {"topic": "Chat: fix those links too please thank you"}}}
{"timestamp": "2026-07-26T02:10:18.333805+00:00", "action": "chat_create", "details": {"file_path": "C:\\Users\\skell\\Desktop\\Vault2\\vaultbot\\chat\\Chat-hey-dude-whats-up.md", "inputs": {"topic": "Chat: hey dude what's up?"}}}
{"timestamp": "2026-07-26T02:11:30.978224+00:00", "action": "research_create", "details": {"file_path": "C:\\Users\\skell\\Desktop\\Vault2\\vaultbot\\research\\how-to-vault_lint.md", "topic": "how to vault_lint"}}
{"timestamp": "2026-07-26T02:16:49.659626+00:00", "action": "research_create", "details": {"file_path": "C:\\Users\\skell\\Desktop\\Vault2\\vaultbot\\research\\ontology-what-kinds-of-entities-exist-and-how-to-categorize-them-especially-as-a.md", "topic": "ontology - what kinds of entities exist and how to categorize them, especially as applied to information systems and knowledge graphs"}}
{"timestamp": "2026-07-26T02:18:17.904714+00:00", "action": "research_create", "details": {"file_path": "C:\\Users\\skell\\Desktop\\Vault2\\vaultbot\\research\\epistemology-theory-of-knowledge-how-knowledge-is-justified-and-validated-especi.md", "topic": "epistemology - theory of knowledge, how knowledge is justified and validated, especially as applied to information systems and scientific method"}}
{"timestamp": "2026-07-26T02:19:47.221383+00:00", "action": "research_create", "details": {"file_path": "C:\\Users\\skell\\Desktop\\Vault2\\vaultbot\\research\\hermeneutics-theory-of-interpretation-the-hermeneutic-circle-how-meaning-is-deri.md", "topic": "hermeneutics - theory of interpretation, the hermeneutic circle, how meaning is derived from text and context, especially as applied to knowledge management"}}
{"timestamp": "2026-07-26T02:20:48.985461+00:00", "action": "chat_create", "details": {"file_path": "C:\\Users\\skell\\Desktop\\Vault2\\vaultbot\\chat\\Chat-ive-been-trying-to-build-you-for-a-year-now-my-o.md", "inputs": {"topic": "Chat: i've been trying to build you for a year now: my o"}}}
{"timestamp": "2026-07-26T02:23:39.075948+00:00", "action": "chat_create", "details": {"file_path": "C:\\Users\\skell\\Desktop\\Vault2\\vaultbot\\chat\\Chat-yes-definitely-connect-it-to-whatever-you-possibly.md", "inputs": {"topic": "Chat: yes definitely connect it to whatever you possibly"}}}
{"timestamp": "2026-07-26T02:24:21.278911+00:00", "action": "research_create", "details": {"file_path": "C:\\Users\\skell\\Desktop\\Vault2\\vaultbot\\research\\how-to-safe_write.md", "topic": "how to safe_write"}}
{"timestamp": "2026-07-26T02:26:50.387843+00:00", "action": "research_create", "details": {"file_path": "C:\\Users\\skell\\Desktop\\Vault2\\vaultbot\\research\\how-to-vault_lint.md", "topic": "how to vault_lint"}}
{"timestamp": "2026-07-26T02:28:53.684205+00:00", "action": "chat_create", "details": {"file_path": "C:\\Users\\skell\\Desktop\\Vault2\\vaultbot\\chat\\Chat-now-how-can-you-use-what-you-learned-to-know-what.md", "inputs": {"topic": "Chat: now how can you use what you learned to know what "}}}
{"timestamp": "2026-07-26T02:31:51.482444+00:00", "action": "chat_create", "details": {"file_path": "C:\\Users\\skell\\Desktop\\Vault2\\vaultbot\\chat\\Chat-is-there-any-additional-research-into-subfields-th.md", "inputs": {"topic": "Chat: is there any additional research into subfields th"}}}
{"timestamp": "2026-07-26T02:34:07.522578+00:00", "action": "research_create", "details": {"file_path": "C:\\Users\\skell\\Desktop\\Vault2\\vaultbot\\research\\Automated-claim-verification-and-fact-checking-of-LLM-outputs-against-source-doc.md", "topic": "Automated claim verification and fact-checking of LLM outputs against source documents — methods for detecting hallucinations, verifying synthesized claims match cited sources, faithfulness metrics, and post-generation verification techniques for RAG systems"}}
{"timestamp": "2026-07-26T02:35:44.896297+00:00", "action": "research_create", "details": {"file_path": "C:\\Users\\skell\\Desktop\\Vault2\\vaultbot\\research\\RAG-evaluation-metrics-how-to-measure-retrieval-quality-in-retrieval-augmented-g.md", "topic": "RAG evaluation metrics — how to measure retrieval quality in retrieval-augmented generation systems, including precision, recall, faithfulness, answer relevance, context relevance, and frameworks like RAGAS, ARES, and TruLens for evaluating graph-based retrieval"}}
{"timestamp": "2026-07-26T02:37:20.893881+00:00", "action": "research_create", "details": {"file_path": "C:\\Users\\skell\\Desktop\\Vault2\\vaultbot\\research\\Context-window-management-for-graph-based-RAG-retrieval-strategies-for-truncatin.md", "topic": "Context window management for graph-based RAG retrieval — strategies for truncating and prioritizing context when retrieved subgraphs exceed LLM context limits, hop radius optimization, graph traversal depth limits, context budgeting, and node ranking approaches"}}
{"timestamp": "2026-07-26T02:39:06.134073+00:00", "action": "research_create", "details": {"file_path": "C:\\Users\\skell\\Desktop\\Vault2\\vaultbot\\research\\Calibrating-automated-quality-assessment-gates-without-ground-truth-labels-metho.md", "topic": "Calibrating automated quality assessment gates without ground truth labels — methods for validating automated quality checks when labeled data is sparse, using human feedback as calibration signal, active learning for quality gates, and confidence calibration techniques for LLM-as-judge systems"}}
{"timestamp": "2026-07-26T02:40:35.614487+00:00", "action": "research_replace", "details": {"old_path": "C:\\Users\\skell\\Desktop\\Vault2\\vaultbot\\research\\how-to-safe_write.md", "new_path": "C:\\Users\\skell\\Desktop\\Vault2\\vaultbot\\research\\how-to-safe_write.md", "similarity": 0.8667242017013932}}
{"timestamp": "2026-07-26T02:40:35.617488+00:00", "action": "research_create", "details": {"file_path": "C:\\Users\\skell\\Desktop\\Vault2\\vaultbot\\research\\how-to-safe_write.md", "topic": "how to safe_write"}}
{"timestamp": "2026-07-26T02:40:45.132373+00:00", "action": "research_create", "details": {"file_path": "C:\\Users\\skell\\Desktop\\Vault2\\vaultbot\\research\\Designing-permanent-exemplar-documents-for-pattern-matching-in-knowledge-based-A.md", "topic": "Designing permanent exemplar documents for pattern-matching in knowledge-based AI systems — how to structure example notes that serve as retrieval targets for few-shot learning, exemplar design for knowledge-augmented generation, and best practices for storing worked examples in knowledge bases that small language models can retrieve and follow"}}
{"timestamp": "2026-07-26T02:43:09.613505+00:00", "action": "chat_create", "details": {"file_path": "C:\\Users\\skell\\Desktop\\Vault2\\vaultbot\\chat\\Chat-yes-go-for-it.md", "inputs": {"topic": "Chat: yes go for it"}}}
{"timestamp": "2026-07-26T02:43:55.704968+00:00", "action": "research_create", "details": {"file_path": "C:\\Users\\skell\\Desktop\\Vault2\\vaultbot\\research\\how-to-vault_lint.md", "topic": "how to vault_lint"}}
{"timestamp": "2026-07-26T02:48:42.467268+00:00", "action": "chat_create", "details": {"file_path": "C:\\Users\\skell\\Desktop\\Vault2\\vaultbot\\chat\\Chat-you-may-begin.md", "inputs": {"topic": "Chat: you may begin"}}}
{"timestamp": "2026-07-26T02:51:39.969981+00:00", "action": "chat_create", "details": {"file_path": "C:\\Users\\skell\\Desktop\\Vault2\\vaultbot\\chat\\Chat-plan-out-the-implementation.md", "inputs": {"topic": "Chat: plan out the implementation"}}}
{"timestamp": "2026-07-26T02:53:02.193155+00:00", "action": "chat_create", "details": {"file_path": "C:\\Users\\skell\\Desktop\\Vault2\\vaultbot\\chat\\Chat-are-you-SURE-this-is-safe-AND-that-youll-be-more.md", "inputs": {"topic": "Chat: are you SURE this is safe AND that you'll be more "}}}
{"timestamp": "2026-07-26T02:55:21.724335+00:00", "action": "research_create", "details": {"file_path": "C:\\Users\\skell\\Desktop\\Vault2\\vaultbot\\research\\how-to-safe_write.md", "topic": "how to safe_write"}}
{"timestamp": "2026-07-26T02:55:48.372060+00:00", "action": "chat_create", "details": {"file_path": "C:\\Users\\skell\\Desktop\\Vault2\\vaultbot\\chat\\Chat-go-ahead.md", "inputs": {"topic": "Chat: go ahead"}}}
{"timestamp": "2026-07-26T02:57:33.551097+00:00", "action": "research_create", "details": {"file_path": "C:\\Users\\skell\\Desktop\\Vault2\\vaultbot\\research\\how-to-vault_lint.md", "topic": "how to vault_lint"}}
{"timestamp": "2026-07-26T02:57:38.273545+00:00", "action": "chat_create", "details": {"file_path": "C:\\Users\\skell\\Desktop\\Vault2\\vaultbot\\chat\\Chat-double-check-to-make-sure-you-didnt-just-break-yo.md", "inputs": {"topic": "Chat: double check to make sure you didn't just break yo"}}}
{"timestamp": "2026-07-26T03:01:58.610113+00:00", "action": "chat_create", "details": {"file_path": "C:\\Users\\skell\\Desktop\\Vault2\\vaultbot\\chat\\Chat-are-you-ready-to-build-phase-2.md", "inputs": {"topic": "Chat: are you ready to build phase 2?"}}}
{"timestamp": "2026-07-26T03:03:40.690895+00:00", "action": "chat_create", "details": {"file_path": "C:\\Users\\skell\\Desktop\\Vault2\\vaultbot\\chat\\Chat-have-you-saved-your-progress-and-updated-all-your.md", "inputs": {"topic": "Chat: have you saved your progress and updated all your "}}}
{"timestamp": "2026-07-26T03:06:50.706994+00:00", "action": "chat_create", "details": {"file_path": "C:\\Users\\skell\\Desktop\\Vault2\\vaultbot\\chat\\Chat-yes.md", "inputs": {"topic": "Chat: yes"}}}
{"timestamp": "2026-07-26T03:07:58.975946+00:00", "action": "chat_create", "details": {"file_path": "C:\\Users\\skell\\Desktop\\Vault2\\vaultbot\\chat\\Chat-is-the-vault-updated-with-your-progress.md", "inputs": {"topic": "Chat: is the vault updated with your progress?"}}}
{"timestamp": "2026-07-26T03:09:52.982113+00:00", "action": "research_create", "details": {"file_path": "C:\\Users\\skell\\Desktop\\Vault2\\vaultbot\\research\\How-to-Evaluate-Source-Credibility.md", "topic": "How-to-Evaluate-Source-Credibility"}}
{"timestamp": "2026-07-26T03:11:13.856550+00:00", "action": "chat_create", "details": {"file_path": "C:\\Users\\skell\\Desktop\\Vault2\\vaultbot\\chat\\Chat-go-ahead-with-phase-4-then.md", "inputs": {"topic": "Chat: go ahead with phase 4 then"}}}
{"timestamp": "2026-07-26T03:12:45.203957+00:00", "action": "research_create", "details": {"file_path": "C:\\Users\\skell\\Desktop\\Vault2\\vaultbot\\research\\how-to-safe_write.md", "topic": "how to safe_write"}}
{"timestamp": "2026-07-26T03:14:10.750662+00:00", "action": "chat_create", "details": {"file_path": "C:\\Users\\skell\\Desktop\\Vault2\\vaultbot\\chat\\Chat-yes-please.md", "inputs": {"topic": "Chat: yes please"}}}
{"timestamp": "2026-07-26T03:17:10.261841+00:00", "action": "chat_append", "details": {"file_path": "C:\\Users\\skell\\Desktop\\Vault2\\vaultbot\\chat\\Chat-sup-homie.md", "inputs": {"topic": "Chat: sup homie"}}}
{"timestamp": "2026-07-26T03:18:57.611286+00:00", "action": "chat_create", "details": {"file_path": "C:\\Users\\skell\\Desktop\\Vault2\\vaultbot\\chat\\Chat-are-we-sure-about-the-typed-edges-based-on-the-res.md", "inputs": {"topic": "Chat: are we sure about the typed edges based on the res"}}}
{"timestamp": "2026-07-26T03:20:45.385678+00:00", "action": "research_create", "details": {"file_path": "C:\\Users\\skell\\Desktop\\Vault2\\vaultbot\\research\\how-to-safe_write.md", "topic": "how to safe_write"}}
{"timestamp": "2026-07-26T03:21:34.922399+00:00", "action": "research_create", "details": {"file_path": "C:\\Users\\skell\\Desktop\\Vault2\\vaultbot\\research\\typed-edges-and-named-relationships-in-knowledge-graphs-for-personal-knowledge-m.md", "topic": "typed edges and named relationships in knowledge graphs for personal knowledge management — are typed semantic links (causes, contradicts, supports, supersedes) worth the maintenance cost compared to plain untyped links, and what does research say about their impact on reasoning and retrieval quality?"}}
{"timestamp": "2026-07-26T03:25:56.888366+00:00", "action": "research_create", "details": {"file_path": "C:\\Users\\skell\\Desktop\\Vault2\\vaultbot\\research\\how-to-code_run.md", "topic": "how to code_run"}}
{"timestamp": "2026-07-26T03:25:57.569897+00:00", "action": "research_create", "details": {"file_path": "C:\\Users\\skell\\Desktop\\Vault2\\vaultbot\\research\\knowledge-graph-edge-typing-vs-untyped-links-tradeoffs-of-adding-semantic-relati.md", "topic": "knowledge graph edge typing vs untyped links — tradeoffs of adding semantic relationship types to graph edges, maintenance burden, effect on graph traversal and multi-hop reasoning, alternatives like embedding-based relationship inference"}}
{"timestamp": "2026-07-26T03:35:13.741772+00:00", "action": "chat_create", "details": {"file_path": "C:\\Users\\skell\\Desktop\\Vault2\\vaultbot\\chat\\Chat-yes-please-reresearch.md", "inputs": {"topic": "Chat: yes please reresearch"}}}
{"timestamp": "2026-07-26T03:56:55.430831+00:00", "action": "research_create", "details": {"file_path": "C:\\Users\\skell\\Desktop\\Vault2\\vaultbot\\research\\how-to-safe_write.md", "topic": "how to safe_write"}}
{"timestamp": "2026-07-26T03:57:55.178226+00:00", "action": "chat_create", "details": {"file_path": "C:\\Users\\skell\\Desktop\\Vault2\\vaultbot\\chat\\Chat-yeaahhhhh-i-agree-no-typed-edges-make-sure-that-y.md", "inputs": {"topic": "Chat: yeaahhhhh i agree no typed edges. make sure that y"}}}
{"timestamp": "2026-07-26T04:04:38.949785+00:00", "action": "research_create", "details": {"file_path": "C:\\Users\\skell\\Desktop\\Vault2\\vaultbot\\research\\how-to-code_run.md", "topic": "how to code_run"}}
{"timestamp": "2026-07-26T04:09:34.499036+00:00", "action": "research_create", "details": {"file_path": "C:\\Users\\skell\\Desktop\\Vault2\\vaultbot\\research\\How-do-AI-agent-systems-extract-patterns-and-abstractions-from-conversation-logs.md", "topic": "How do AI agent systems extract patterns and abstractions from conversation logs and episodic memories to create reusable semantic knowledge? What mechanisms exist for consolidating episodic experiences into linked knowledge graphs?"}}
{"timestamp": "2026-07-26T04:14:41.785998+00:00", "action": "research_create", "details": {"file_path": "C:\\Users\\skell\\Desktop\\Vault2\\vaultbot\\research\\Memory-consolidation-in-AI-agents-how-to-convert-episodic-memories-conversation-.md", "topic": "Memory consolidation in AI agents: how to convert episodic memories (conversation logs, past experiences) into semantic knowledge (generalized facts, patterns). Sleep-time processing, reflection mechanisms, and experience abstraction in LLM agent systems like Generative Agents, Reflexion, MemGPT, and similar frameworks."}}
{"timestamp": "2026-07-26T04:22:06.054167+00:00", "action": "research_create", "details": {"file_path": "C:\\Users\\skell\\Desktop\\Vault2\\vaultbot\\research\\how-to-safe_write.md", "topic": "how to safe_write"}}
{"timestamp": "2026-07-26T04:22:22.419613+00:00", "action": "research_create", "details": {"file_path": "C:\\Users\\skell\\Desktop\\Vault2\\vaultbot\\research\\Generative-Agents-Park-et-al-2023-reflection-mechanism-how-agents-consolidate-ep.md", "topic": "Generative Agents (Park et al. 2023) reflection mechanism: how agents consolidate episodic memories into semantic abstractions. Reflexion framework self-reflection. How do these systems extract insights from past interactions and create reusable knowledge?"}}
{"timestamp": "2026-07-26T04:39:36.526065+00:00", "action": "research_create", "details": {"file_path": "C:\\Users\\skell\\Desktop\\Vault2\\vaultbot\\research\\how-to-code_run.md", "topic": "how to code_run"}}
{"timestamp": "2026-07-26T04:40:42.610915+00:00", "action": "research_create", "details": {"file_path": "C:\\Users\\skell\\Desktop\\Vault2\\vaultbot\\research\\Generative-Agents-Park-2023-reflection-mechanism-recent-memories-higher-level-co.md", "topic": "Generative Agents Park 2023 reflection mechanism \"recent memories\" \"higher-level conclusions\" insights abstraction. Also Reflexion Shinn 2023 verbal reinforcement self-reflection. How agents observe their own past actions and extract generalized lessons."}}
{"timestamp": "2026-07-26T05:02:50.624204+00:00", "action": "research_create", "details": {"file_path": "C:\\Users\\skell\\Desktop\\Vault2\\vaultbot\\research\\how-to-code_run.md", "topic": "how to code_run"}}
{"timestamp": "2026-07-26T05:07:41.243967+00:00", "action": "research_create", "details": {"file_path": "C:\\Users\\skell\\Desktop\\Vault2\\vaultbot\\research\\how-to-code_run.md", "topic": "how to code_run"}}
{"timestamp": "2026-07-26T05:11:06.293905+00:00", "action": "research_create", "details": {"file_path": "C:\\Users\\skell\\Desktop\\Vault2\\vaultbot\\research\\how-to-code_run.md", "topic": "how to code_run"}}
{"timestamp": "2026-07-26T05:32:07.465494+00:00", "action": "research_create", "details": {"file_path": "C:\\Users\\skell\\Desktop\\Vault2\\vaultbot\\research\\how-to-code_run.md", "topic": "how to code_run"}}
{"timestamp": "2026-07-26T05:38:09.324605+00:00", "action": "research_create", "details": {"file_path": "C:\\Users\\skell\\Desktop\\Vault2\\vaultbot\\research\\how-to-code_run.md", "topic": "how to code_run"}}
{"timestamp": "2026-07-26T05:40:25.110988+00:00", "action": "research_replace", "details": {"old_path": "C:\\Users\\skell\\Desktop\\Vault2\\vaultbot\\research\\how-to-code_run.md", "new_path": "C:\\Users\\skell\\Desktop\\Vault2\\vaultbot\\research\\how-to-code_run.md", "similarity": 0.9912923289564617}}
{"timestamp": "2026-07-26T05:40:25.113535+00:00", "action": "research_create", "details": {"file_path": "C:\\Users\\skell\\Desktop\\Vault2\\vaultbot\\research\\how-to-code_run.md", "topic": "how to code_run"}}
{"timestamp": "2026-07-26T05:43:28.980633+00:00", "action": "research_replace", "details": {"old_path": "C:\\Users\\skell\\Desktop\\Vault2\\vaultbot\\research\\how-to-code_run.md", "new_path": "C:\\Users\\skell\\Desktop\\Vault2\\vaultbot\\research\\how-to-code_run.md", "similarity": 0.9908789386401327}}
{"timestamp": "2026-07-26T05:43:28.983151+00:00", "action": "research_create", "details": {"file_path": "C:\\Users\\skell\\Desktop\\Vault2\\vaultbot\\research\\how-to-code_run.md", "topic": "how to code_run"}}
{"timestamp": "2026-07-26T05:44:59.376934+00:00", "action": "research_replace", "details": {"old_path": "C:\\Users\\skell\\Desktop\\Vault2\\vaultbot\\research\\how-to-code_run.md", "new_path": "C:\\Users\\skell\\Desktop\\Vault2\\vaultbot\\research\\how-to-code_run.md", "similarity": 0.9910183777808484}}
{"timestamp": "2026-07-26T05:44:59.384598+00:00", "action": "research_create", "details": {"file_path": "C:\\Users\\skell\\Desktop\\Vault2\\vaultbot\\research\\how-to-code_run.md", "topic": "how to code_run"}}
{"timestamp": "2026-07-26T05:48:43.499215+00:00", "action": "research_create", "details": {"file_path": "C:\\Users\\skell\\Desktop\\Vault2\\vaultbot\\research\\how-to-code_run.md", "topic": "how to code_run"}}
{"timestamp": "2026-07-26T05:55:25.682195+00:00", "action": "chat_append", "details": {"file_path": "C:\\Users\\skell\\Desktop\\Vault2\\vaultbot\\chat\\Chat-hi.md", "inputs": {"topic": "Chat: hi"}}}
{"timestamp": "2026-07-26T05:57:13.617049+00:00", "action": "chat_create", "details": {"file_path": "C:\\Users\\skell\\Desktop\\Vault2\\vaultbot\\chat\\Chat-dude-you-were-lagging-like-CRAZY-dawg-and-then-oll.md", "inputs": {"topic": "Chat: dude you were lagging like CRAZY dawg and then oll"}}}
{"timestamp": "2026-07-26T06:00:12.776495+00:00", "action": "research_create", "details": {"file_path": "C:\\Users\\skell\\Desktop\\Vault2\\vaultbot\\research\\Memory-consolidation-in-AI-agents-how-to-convert-episodic-memories-conversation-.md", "topic": "Memory consolidation in AI agents: how to convert episodic memories (conversation logs, past experiences, orphaned notes) into semantic knowledge. Focus on sleep-time processing, offline consolidation, reflection mechanisms, MemGPT, Generative Agents reflection, and experience abstraction frameworks for LLM agents. How do biological memory consolidation processes (hippocampal replay, systems consolidation during sleep) inform AI agent memory architectures?"}}
{"timestamp": "2026-07-26T06:03:30.402759+00:00", "action": "research_create", "details": {"file_path": "C:\\Users\\skell\\Desktop\\Vault2\\vaultbot\\research\\How-to-decide-when-to-research-vs-answer-from-memory-in-AI-agent-systems-decisio.md", "topic": "How to decide when to research vs answer from memory in AI agent systems — decision trees and heuristics for when a knowledge base has enough information to answer directly vs when to trigger web research or say \"I don't know\". RAG vs retrieval-vs-generation decision frameworks."}}
{"timestamp": "2026-07-26T06:05:14.794631+00:00", "action": "research_create", "details": {"file_path": "C:\\Users\\skell\\Desktop\\Vault2\\vaultbot\\research\\How-to-write-a-Python-tool-or-function-best-practices-for-tool-design-API-design.md", "topic": "How to write a Python tool or function — best practices for tool design, API design, input validation, error handling, and documentation for tools that will be called by AI agents or other programs. Python tool scaffolding patterns, type hints, docstrings, and testing."}}
{"timestamp": "2026-07-26T06:05:48.968787+00:00", "action": "research_replace", "details": {"old_path": "C:\\Users\\skell\\Desktop\\Vault2\\vaultbot\\research\\how-to-code_run.md", "new_path": "C:\\Users\\skell\\Desktop\\Vault2\\vaultbot\\research\\how-to-code_run.md", "similarity": 0.9909638554216867}}
{"timestamp": "2026-07-26T06:05:49.210318+00:00", "action": "research_create", "details": {"file_path": "C:\\Users\\skell\\Desktop\\Vault2\\vaultbot\\research\\how-to-code_run.md", "topic": "how to code_run"}}
{"timestamp": "2026-07-26T06:08:04.970219+00:00", "action": "research_create", "details": {"file_path": "C:\\Users\\skell\\Desktop\\Vault2\\vaultbot\\research\\RAG-adaptive-retrieval-when-should-a-RAG-system-retrieve-from-knowledge-base-vs-.md", "topic": "RAG adaptive retrieval: when should a RAG system retrieve from knowledge base vs answer directly vs abstain? Confidence thresholds, retrieval decision gates, adaptive RAG frameworks, self-RAG, CRAG, retrieval necessity prediction."}}
{"timestamp": "2026-07-26T06:10:29.919646+00:00", "action": "research_create", "details": {"file_path": "C:\\Users\\skell\\Desktop\\Vault2\\vaultbot\\research\\Python-function-design-best-practices-for-AI-agent-tools-type-hints-input-valida.md", "topic": "Python function design best practices for AI agent tools: type hints, input validation, error messages, docstrings, MCP tool schemas, function calling patterns for LLM agents"}}
{"timestamp": "2026-07-26T06:13:23.117948+00:00", "action": "chat_create", "details": {"file_path": "C:\\Users\\skell\\Desktop\\Vault2\\vaultbot\\chat\\Chat-ok-proceed.md", "inputs": {"topic": "Chat: ok proceed"}}}
{"timestamp": "2026-07-26T06:16:26.103682+00:00", "action": "chat_create", "details": {"file_path": "C:\\Users\\skell\\Desktop\\Vault2\\vaultbot\\chat\\Chat-i-thought-you-already-did-that-can-you-take-a-sec.md", "inputs": {"topic": "Chat: i thought you already did that, can you take a sec"}}}
{"timestamp": "2026-07-26T06:19:58.438045+00:00", "action": "research_create", "details": {"file_path": "C:\\Users\\skell\\Desktop\\Vault2\\vaultbot\\research\\Generative-Agents-Park-2023-reflection-mechanism-algorithm-how-to-extract-higher.md", "topic": "Generative Agents Park 2023 reflection mechanism algorithm: how to extract higher-level insights from recent memories. The specific algorithm where agents periodically review recent memories and generate abstract conclusions. Also Reflexion Shinn 2023 verbal reinforcement learning where agents write self-reflections from failed episodes."}}
{"timestamp": "2026-07-26T06:22:14.605210+00:00", "action": "research_create", "details": {"file_path": "C:\\Users\\skell\\Desktop\\Vault2\\vaultbot\\research\\Deterministic-pattern-extraction-from-text-documents-without-LLM-TF-IDF-clusteri.md", "topic": "Deterministic pattern extraction from text documents without LLM: TF-IDF clustering, topic modeling (LDA), frequency analysis, and automated abstraction methods for finding recurring themes across many notes. How to automatically cluster similar documents and generate summary labels without neural networks."}}
{"timestamp": "2026-07-26T06:24:28.078136+00:00", "action": "research_create", "details": {"file_path": "C:\\Users\\skell\\Desktop\\Vault2\\vaultbot\\research\\Park-et-al-2023-Generative-Agents-reflection-algorithm-agents-query-their-memory.md", "topic": "Park et al 2023 \"Generative Agents\" reflection algorithm: agents query their memory with \"What are the 3 most salient high-level questions we can answer about the subjects in recent statements?\" then generate insights from retrieved memories. The two-step retrieval-and-generation process for converting observations into abstract conclusions."}}
{"timestamp": "2026-07-26T06:26:30.494418+00:00", "action": "research_create", "details": {"file_path": "C:\\Users\\skell\\Desktop\\Vault2\\vaultbot\\research\\Automated-experience-consolidation-for-AI-agents-converting-episodic-memory-logs.md", "topic": "Automated experience consolidation for AI agents: converting episodic memory logs into reusable semantic rules. How do systems like MemGPT, Auto-Dreamer, or TiMem automatically extract patterns from past conversations without human intervention? Offline batch processing of conversation logs to generate knowledge summaries."}}
{"timestamp": "2026-07-26T06:30:31.812632+00:00", "action": "chat_create", "details": {"file_path": "C:\\Users\\skell\\Desktop\\Vault2\\vaultbot\\chat\\Chat-finish-your-research-on-semantic-consolidation-so.md", "inputs": {"topic": "Chat: finish your research on semantic consolidation so "}}}
{"timestamp": "2026-07-26T06:39:19.042691+00:00", "action": "chat_create", "details": {"file_path": "C:\\Users\\skell\\Desktop\\Vault2\\vaultbot\\chat\\Chat-yes-please-implement-that-first-refamiliarize-you.md", "inputs": {"topic": "Chat: yes please implement that. first refamiliarize you"}}}
{"timestamp": "2026-07-26T06:42:38.451346+00:00", "action": "chat_create", "details": {"file_path": "C:\\Users\\skell\\Desktop\\Vault2\\vaultbot\\chat\\Chat-without-overengineering-what-should-you-do-what.md", "inputs": {"topic": "Chat: without overengineering, what should you do? what "}}}
{"timestamp": "2026-07-26T06:49:30.560579+00:00", "action": "chat_create", "details": {"file_path": "C:\\Users\\skell\\Desktop\\Vault2\\vaultbot\\chat\\Chat-do-you-feel-capable-of-organizing-your-brain-now.md", "inputs": {"topic": "Chat: do you feel capable of organizing your brain now? "}}}
{"timestamp": "2026-07-26T06:54:52.019632+00:00", "action": "chat_create", "details": {"file_path": "C:\\Users\\skell\\Desktop\\Vault2\\vaultbot\\chat\\Chat-ok-do-it-now-and-dont-stop-until-the-vault-is-org.md", "inputs": {"topic": "Chat: ok do it now and don't stop until the vault is org"}}}
{"timestamp": "2026-07-26T07:00:25.938537+00:00", "action": "research_create", "details": {"file_path": "C:\\Users\\skell\\Desktop\\Vault2\\vaultbot\\research\\how-to-safe_write.md", "topic": "how to safe_write"}}
{"timestamp": "2026-07-26T07:04:40.956949+00:00", "action": "research_create", "details": {"file_path": "C:\\Users\\skell\\Desktop\\Vault2\\vaultbot\\research\\how-to-code_run.md", "topic": "how to code_run"}}
{"timestamp": "2026-07-26T07:18:54.934938+00:00", "action": "research_create", "details": {"file_path": "C:\\Users\\skell\\Desktop\\Vault2\\vaultbot\\research\\how-to-safe_write.md", "topic": "how to safe_write"}}
{"timestamp": "2026-07-26T07:22:08.409480+00:00", "action": "research_create", "details": {"file_path": "C:\\Users\\skell\\Desktop\\Vault2\\vaultbot\\research\\how-to-code_run.md", "topic": "how to code_run"}}
{"timestamp": "2026-07-26T07:34:25.820076+00:00", "action": "research_create", "details": {"file_path": "C:\\Users\\skell\\Desktop\\Vault2\\vaultbot\\research\\how-to-safe_write.md", "topic": "how to safe_write"}}
{"timestamp": "2026-07-26T07:36:40.156276+00:00", "action": "research_create", "details": {"file_path": "C:\\Users\\skell\\Desktop\\Vault2\\vaultbot\\research\\how-to-code_run.md", "topic": "how to code_run"}}
{"timestamp": "2026-07-26T07:50:37.133998+00:00", "action": "research_create", "details": {"file_path": "C:\\Users\\skell\\Desktop\\Vault2\\vaultbot\\research\\how-to-safe_write.md", "topic": "how to safe_write"}}
{"timestamp": "2026-07-26T07:53:12.164152+00:00", "action": "research_create", "details": {"file_path": "C:\\Users\\skell\\Desktop\\Vault2\\vaultbot\\research\\how-to-code_run.md", "topic": "how to code_run"}}
{"timestamp": "2026-07-26T08:07:07.735091+00:00", "action": "research_create", "details": {"file_path": "C:\\Users\\skell\\Desktop\\Vault2\\vaultbot\\research\\how-to-safe_write.md", "topic": "how to safe_write"}}
{"timestamp": "2026-07-26T08:10:18.584667+00:00", "action": "research_create", "details": {"file_path": "C:\\Users\\skell\\Desktop\\Vault2\\vaultbot\\research\\how-to-code_run.md", "topic": "how to code_run"}}
{"timestamp": "2026-07-26T08:22:33.262529+00:00", "action": "research_create", "details": {"file_path": "C:\\Users\\skell\\Desktop\\Vault2\\vaultbot\\research\\how-to-safe_write.md", "topic": "how to safe_write"}}
{"timestamp": "2026-07-26T08:24:49.131300+00:00", "action": "research_create", "details": {"file_path": "C:\\Users\\skell\\Desktop\\Vault2\\vaultbot\\research\\how-to-code_run.md", "topic": "how to code_run"}}
{"timestamp": "2026-07-26T08:37:06.308842+00:00", "action": "research_create", "details": {"file_path": "C:\\Users\\skell\\Desktop\\Vault2\\vaultbot\\research\\how-to-safe_write.md", "topic": "how to safe_write"}}
{"timestamp": "2026-07-26T08:39:15.355664+00:00", "action": "research_create", "details": {"file_path": "C:\\Users\\skell\\Desktop\\Vault2\\vaultbot\\research\\how-to-code_run.md", "topic": "how to code_run"}}
{"timestamp": "2026-07-26T08:53:09.030664+00:00", "action": "research_create", "details": {"file_path": "C:\\Users\\skell\\Desktop\\Vault2\\vaultbot\\research\\how-to-safe_write.md", "topic": "how to safe_write"}}
{"timestamp": "2026-07-26T08:55:20.147447+00:00", "action": "research_create", "details": {"file_path": "C:\\Users\\skell\\Desktop\\Vault2\\vaultbot\\research\\how-to-code_run.md", "topic": "how to code_run"}}
{"timestamp": "2026-07-26T09:07:46.212296+00:00", "action": "research_create", "details": {"file_path": "C:\\Users\\skell\\Desktop\\Vault2\\vaultbot\\research\\how-to-safe_write.md", "topic": "how to safe_write"}}
{"timestamp": "2026-07-26T09:10:04.515688+00:00", "action": "research_create", "details": {"file_path": "C:\\Users\\skell\\Desktop\\Vault2\\vaultbot\\research\\how-to-code_run.md", "topic": "how to code_run"}}
{"timestamp": "2026-07-26T09:24:05.281807+00:00", "action": "research_create", "details": {"file_path": "C:\\Users\\skell\\Desktop\\Vault2\\vaultbot\\research\\how-to-safe_write.md", "topic": "how to safe_write"}}
{"timestamp": "2026-07-26T09:26:20.532573+00:00", "action": "research_create", "details": {"file_path": "C:\\Users\\skell\\Desktop\\Vault2\\vaultbot\\research\\how-to-code_run.md", "topic": "how to code_run"}}
{"timestamp": "2026-07-26T09:38:39.675684+00:00", "action": "research_create", "details": {"file_path": "C:\\Users\\skell\\Desktop\\Vault2\\vaultbot\\research\\how-to-safe_write.md", "topic": "how to safe_write"}}
{"timestamp": "2026-07-26T09:40:48.411768+00:00", "action": "research_create", "details": {"file_path": "C:\\Users\\skell\\Desktop\\Vault2\\vaultbot\\research\\how-to-code_run.md", "topic": "how to code_run"}}
{"timestamp": "2026-07-26T09:54:46.666806+00:00", "action": "research_create", "details": {"file_path": "C:\\Users\\skell\\Desktop\\Vault2\\vaultbot\\research\\how-to-safe_write.md", "topic": "how to safe_write"}}
{"timestamp": "2026-07-26T09:57:01.439417+00:00", "action": "research_create", "details": {"file_path": "C:\\Users\\skell\\Desktop\\Vault2\\vaultbot\\research\\how-to-code_run.md", "topic": "how to code_run"}}
{"timestamp": "2026-07-26T10:09:18.776199+00:00", "action": "research_create", "details": {"file_path": "C:\\Users\\skell\\Desktop\\Vault2\\vaultbot\\research\\how-to-safe_write.md", "topic": "how to safe_write"}}
{"timestamp": "2026-07-26T10:11:49.128631+00:00", "action": "research_create", "details": {"file_path": "C:\\Users\\skell\\Desktop\\Vault2\\vaultbot\\research\\how-to-code_run.md", "topic": "how to code_run"}}
{"timestamp": "2026-07-26T10:24:06.069410+00:00", "action": "research_create", "details": {"file_path": "C:\\Users\\skell\\Desktop\\Vault2\\vaultbot\\research\\how-to-safe_write.md", "topic": "how to safe_write"}}
{"timestamp": "2026-07-26T10:26:25.668593+00:00", "action": "research_create", "details": {"file_path": "C:\\Users\\skell\\Desktop\\Vault2\\vaultbot\\research\\how-to-code_run.md", "topic": "how to code_run"}}
{"timestamp": "2026-07-26T10:38:44.435786+00:00", "action": "research_create", "details": {"file_path": "C:\\Users\\skell\\Desktop\\Vault2\\vaultbot\\research\\how-to-safe_write.md", "topic": "how to safe_write"}}
{"timestamp": "2026-07-26T10:40:54.328812+00:00", "action": "research_create", "details": {"file_path": "C:\\Users\\skell\\Desktop\\Vault2\\vaultbot\\research\\how-to-code_run.md", "topic": "how to code_run"}}
{"timestamp": "2026-07-26T10:53:21.737461+00:00", "action": "research_create", "details": {"file_path": "C:\\Users\\skell\\Desktop\\Vault2\\vaultbot\\research\\how-to-safe_write.md", "topic": "how to safe_write"}}
{"timestamp": "2026-07-26T10:55:52.485836+00:00", "action": "research_create", "details": {"file_path": "C:\\Users\\skell\\Desktop\\Vault2\\vaultbot\\research\\how-to-code_run.md", "topic": "how to code_run"}}
{"timestamp": "2026-07-26T11:08:11.111332+00:00", "action": "research_create", "details": {"file_path": "C:\\Users\\skell\\Desktop\\Vault2\\vaultbot\\research\\how-to-safe_write.md", "topic": "how to safe_write"}}
{"timestamp": "2026-07-26T11:10:24.510647+00:00", "action": "research_create", "details": {"file_path": "C:\\Users\\skell\\Desktop\\Vault2\\vaultbot\\research\\how-to-code_run.md", "topic": "how to code_run"}}
{"timestamp": "2026-07-26T11:22:40.823364+00:00", "action": "research_create", "details": {"file_path": "C:\\Users\\skell\\Desktop\\Vault2\\vaultbot\\research\\how-to-safe_write.md", "topic": "how to safe_write"}}
{"timestamp": "2026-07-26T11:25:18.263667+00:00", "action": "research_create", "details": {"file_path": "C:\\Users\\skell\\Desktop\\Vault2\\vaultbot\\research\\how-to-code_run.md", "topic": "how to code_run"}}
{"timestamp": "2026-07-26T11:37:39.638088+00:00", "action": "research_create", "details": {"file_path": "C:\\Users\\skell\\Desktop\\Vault2\\vaultbot\\research\\how-to-safe_write.md", "topic": "how to safe_write"}}
{"timestamp": "2026-07-26T11:40:41.140674+00:00", "action": "research_create", "details": {"file_path": "C:\\Users\\skell\\Desktop\\Vault2\\vaultbot\\research\\how-to-code_run.md", "topic": "how to code_run"}}
{"timestamp": "2026-07-26T11:53:23.082614+00:00", "action": "research_create", "details": {"file_path": "C:\\Users\\skell\\Desktop\\Vault2\\vaultbot\\research\\how-to-safe_write.md", "topic": "how to safe_write"}}
{"timestamp": "2026-07-26T11:55:57.481586+00:00", "action": "research_create", "details": {"file_path": "C:\\Users\\skell\\Desktop\\Vault2\\vaultbot\\research\\how-to-code_run.md", "topic": "how to code_run"}}
{"timestamp": "2026-07-26T12:08:54.034590+00:00", "action": "research_create", "details": {"file_path": "C:\\Users\\skell\\Desktop\\Vault2\\vaultbot\\research\\how-to-safe_write.md", "topic": "how to safe_write"}}
{"timestamp": "2026-07-26T12:11:35.677431+00:00", "action": "research_create", "details": {"file_path": "C:\\Users\\skell\\Desktop\\Vault2\\vaultbot\\research\\how-to-code_run.md", "topic": "how to code_run"}}
{"timestamp": "2026-07-26T12:24:30.531269+00:00", "action": "research_create", "details": {"file_path": "C:\\Users\\skell\\Desktop\\Vault2\\vaultbot\\research\\how-to-safe_write.md", "topic": "how to safe_write"}}
{"timestamp": "2026-07-26T12:27:03.745785+00:00", "action": "research_create", "details": {"file_path": "C:\\Users\\skell\\Desktop\\Vault2\\vaultbot\\research\\how-to-code_run.md", "topic": "how to code_run"}}
{"timestamp": "2026-07-26T12:39:44.726968+00:00", "action": "research_create", "details": {"file_path": "C:\\Users\\skell\\Desktop\\Vault2\\vaultbot\\research\\how-to-safe_write.md", "topic": "how to safe_write"}}
{"timestamp": "2026-07-26T12:42:19.358712+00:00", "action": "research_create", "details": {"file_path": "C:\\Users\\skell\\Desktop\\Vault2\\vaultbot\\research\\how-to-code_run.md", "topic": "how to code_run"}}
{"timestamp": "2026-07-26T12:54:58.428279+00:00", "action": "research_create", "details": {"file_path": "C:\\Users\\skell\\Desktop\\Vault2\\vaultbot\\research\\how-to-safe_write.md", "topic": "how to safe_write"}}
{"timestamp": "2026-07-26T12:57:32.610455+00:00", "action": "research_create", "details": {"file_path": "C:\\Users\\skell\\Desktop\\Vault2\\vaultbot\\research\\how-to-code_run.md", "topic": "how to code_run"}}
{"timestamp": "2026-07-26T13:10:13.479665+00:00", "action": "research_create", "details": {"file_path": "C:\\Users\\skell\\Desktop\\Vault2\\vaultbot\\research\\how-to-safe_write.md", "topic": "how to safe_write"}}
{"timestamp": "2026-07-26T13:13:13.147608+00:00", "action": "research_create", "details": {"file_path": "C:\\Users\\skell\\Desktop\\Vault2\\vaultbot\\research\\how-to-code_run.md", "topic": "how to code_run"}}
{"timestamp": "2026-07-26T13:25:52.859902+00:00", "action": "research_create", "details": {"file_path": "C:\\Users\\skell\\Desktop\\Vault2\\vaultbot\\research\\how-to-safe_write.md", "topic": "how to safe_write"}}
{"timestamp": "2026-07-26T13:28:27.074052+00:00", "action": "research_create", "details": {"file_path": "C:\\Users\\skell\\Desktop\\Vault2\\vaultbot\\research\\how-to-code_run.md", "topic": "how to code_run"}}
{"timestamp": "2026-07-26T13:40:40.440924+00:00", "action": "research_create", "details": {"file_path": "C:\\Users\\skell\\Desktop\\Vault2\\vaultbot\\research\\how-to-safe_write.md", "topic": "how to safe_write"}}
{"timestamp": "2026-07-26T13:42:48.956184+00:00", "action": "research_create", "details": {"file_path": "C:\\Users\\skell\\Desktop\\Vault2\\vaultbot\\research\\how-to-code_run.md", "topic": "how to code_run"}}
{"timestamp": "2026-07-26T13:56:46.314614+00:00", "action": "research_create", "details": {"file_path": "C:\\Users\\skell\\Desktop\\Vault2\\vaultbot\\research\\how-to-safe_write.md", "topic": "how to safe_write"}}
{"timestamp": "2026-07-26T13:59:01.985707+00:00", "action": "research_create", "details": {"file_path": "C:\\Users\\skell\\Desktop\\Vault2\\vaultbot\\research\\how-to-code_run.md", "topic": "how to code_run"}}
{"timestamp": "2026-07-26T14:13:59.496121+00:00", "action": "research_create", "details": {"file_path": "C:\\Users\\skell\\Desktop\\Vault2\\vaultbot\\research\\how-to-safe_write.md", "topic": "how to safe_write"}}
{"timestamp": "2026-07-26T14:16:27.868767+00:00", "action": "research_create", "details": {"file_path": "C:\\Users\\skell\\Desktop\\Vault2\\vaultbot\\research\\how-to-code_run.md", "topic": "how to code_run"}}
{"timestamp": "2026-07-26T14:28:46.691991+00:00", "action": "research_create", "details": {"file_path": "C:\\Users\\skell\\Desktop\\Vault2\\vaultbot\\research\\how-to-safe_write.md", "topic": "how to safe_write"}}
{"timestamp": "2026-07-26T14:30:57.170569+00:00", "action": "research_create", "details": {"file_path": "C:\\Users\\skell\\Desktop\\Vault2\\vaultbot\\research\\how-to-code_run.md", "topic": "how to code_run"}}
{"timestamp": "2026-07-26T14:43:15.923271+00:00", "action": "chat_create", "details": {"file_path": "C:\\Users\\skell\\Desktop\\Vault2\\vaultbot\\chat\\Chat-could-you-clean-up-anything-you-will-never-use-i.md", "inputs": {"topic": "Chat: could you clean up anything you will never use? i "}}}
{"timestamp": "2026-07-26T14:48:10.873587+00:00", "action": "chat_create", "details": {"file_path": "C:\\Users\\skell\\Desktop\\Vault2\\vaultbot\\chat\\Chat-im-looking-at-the-vault-graph-right-now-and-i-see.md", "inputs": {"topic": "Chat: i'm looking at the vault graph right now and i see"}}}
{"timestamp": "2026-07-26T14:53:18.597669+00:00", "action": "research_create", "details": {"file_path": "C:\\Users\\skell\\Desktop\\Vault2\\vaultbot\\research\\how-to-safe_write.md", "topic": "how to safe_write"}}
{"timestamp": "2026-07-26T14:56:05.737683+00:00", "action": "chat_create", "details": {"file_path": "C:\\Users\\skell\\Desktop\\Vault2\\vaultbot\\chat\\Chat-why-isnt-How-to-Evaluate-Source-Credibility-con.md", "inputs": {"topic": "Chat: why isn't [How-to-Evaluate-Source-Credibility] con"}}}
{"timestamp": "2026-07-26T14:58:34.309290+00:00", "action": "research_create", "details": {"file_path": "C:\\Users\\skell\\Desktop\\Vault2\\vaultbot\\research\\how-to-code_run.md", "topic": "how to code_run"}}
{"timestamp": "2026-07-26T14:59:59.320305+00:00", "action": "chat_create", "details": {"file_path": "C:\\Users\\skell\\Desktop\\Vault2\\vaultbot\\chat\\Chat-how-do-we-make-the-system-keep-up-with-you-so-you.md", "inputs": {"topic": "Chat: how do we make the system keep up with you so you "}}}
{"timestamp": "2026-07-26T15:03:19.777808+00:00", "action": "research_create", "details": {"file_path": "C:\\Users\\skell\\Desktop\\Vault2\\vaultbot\\research\\watchdog-Python-file-system-event-monitor-known-issues-missed-events-Windows-rel.md", "topic": "watchdog Python file system event monitor known issues missed events Windows reliability limitations"}}
{"timestamp": "2026-07-26T15:06:00.559369+00:00", "action": "research_create", "details": {"file_path": "C:\\Users\\skell\\Desktop\\Vault2\\vaultbot\\research\\best-practices-for-keeping-a-search-index-synchronized-with-filesystem-changes-e.md", "topic": "best practices for keeping a search index synchronized with filesystem changes: event-driven vs polling vs hybrid approaches"}}
{"timestamp": "2026-07-26T15:08:38.159318+00:00", "action": "research_create", "details": {"file_path": "C:\\Users\\skell\\Desktop\\Vault2\\vaultbot\\research\\Python-watchdog-library-Windows-ReadDirectoryChangesW-reliability-missed-file-ev.md", "topic": "Python watchdog library Windows ReadDirectoryChangesW reliability missed file events buffer overflow limitations"}}
{"timestamp": "2026-07-26T15:11:05.064507+00:00", "action": "research_create", "details": {"file_path": "C:\\Users\\skell\\Desktop\\Vault2\\vaultbot\\research\\Elasticsearch-Lucene-index-synchronization-with-filesystem-commit-log-polling-vs.md", "topic": "Elasticsearch Lucene index synchronization with filesystem: commit log polling vs filesystem watcher vs hybrid approach for keeping index fresh"}}
{"timestamp": "2026-07-26T15:14:38.865459+00:00", "action": "research_create", "details": {"file_path": "C:\\Users\\skell\\Desktop\\Vault2\\vaultbot\\research\\file-system-watcher-reliability-problems-why-polling-is-needed-as-fallback-event.md", "topic": "file system watcher reliability problems: why polling is needed as fallback, event-driven file monitoring misses changes, periodic reconciliation pattern"}}
{"timestamp": "2026-07-26T15:20:00.770522+00:00", "action": "chat_create", "details": {"file_path": "C:\\Users\\skell\\Desktop\\Vault2\\vaultbot\\chat\\Chat-are-you-sure-make-sure-that-youve-done-enough-re.md", "inputs": {"topic": "Chat: are you sure? make sure that you've done enough re"}}}
{"timestamp": "2026-07-26T15:23:34.443305+00:00", "action": "research_create", "details": {"file_path": "C:\\Users\\skell\\Desktop\\Vault2\\vaultbot\\research\\how-to-safe_write.md", "topic": "how to safe_write"}}
{"timestamp": "2026-07-26T15:26:56.363186+00:00", "action": "research_create", "details": {"file_path": "C:\\Users\\skell\\Desktop\\Vault2\\vaultbot\\research\\how-to-code_run.md", "topic": "how to code_run"}}
{"timestamp": "2026-07-26T15:36:04.143568+00:00", "action": "research_create", "details": {"file_path": "C:\\Users\\skell\\Desktop\\Vault2\\vaultbot\\research\\FAISS-IndexIDMap2-remove_ids-vector-removal-API-documentation.md", "topic": "FAISS IndexIDMap2 remove_ids vector removal API documentation"}}
{"timestamp": "2026-07-26T15:39:17.690159+00:00", "action": "research_create", "details": {"file_path": "C:\\Users\\skell\\Desktop\\Vault2\\vaultbot\\research\\FAISS-python-remove_ids-IndexIDMap2-delete-vectors-from-index-sitefaissai-OR-sit.md", "topic": "FAISS python remove_ids IndexIDMap2 delete vectors from index site:faiss.ai OR site:github.com/facebookresearch/faiss"}}
{"timestamp": "2026-07-26T15:42:22.028408+00:00", "action": "chat_create", "details": {"file_path": "C:\\Users\\skell\\Desktop\\Vault2\\vaultbot\\chat\\Chat-are-you-certain-based-on-the-facts-and-the-documen.md", "inputs": {"topic": "Chat: are you certain based on the facts and the documen"}}}
{"timestamp": "2026-07-26T15:46:43.928879+00:00", "action": "research_create", "details": {"file_path": "C:\\Users\\skell\\Desktop\\Vault2\\vaultbot\\research\\FAISS-IndexIDMap2-remove_ids-performance-complexity-On-vs-IndexFlatL2-rebuild-ve.md", "topic": "FAISS IndexIDMap2 remove_ids performance complexity O(n) vs IndexFlatL2 rebuild vectors deletion site:github.com OR site:stackoverflow.com OR site:reddit.com"}}
{"timestamp": "2026-07-26T15:50:32.960844+00:00", "action": "research_create", "details": {"file_path": "C:\\Users\\skell\\Desktop\\Vault2\\vaultbot\\research\\faiss-remove_ids-slow-performance-rebuild-index-alternative-github-issues-facebo.md", "topic": "faiss remove_ids slow performance rebuild index alternative github issues facebookresearch/faiss"}}
{"timestamp": "2026-07-26T15:53:58.076751+00:00", "action": "research_create", "details": {"file_path": "C:\\Users\\skell\\Desktop\\Vault2\\vaultbot\\research\\faiss-IndexIDMap2-serialization-write_index-read_index-persist-save-load.md", "topic": "faiss IndexIDMap2 serialization write_index read_index persist save load"}}
{"timestamp": "2026-07-26T15:57:23.214090+00:00", "action": "research_create", "details": {"file_path": "C:\\Users\\skell\\Desktop\\Vault2\\vaultbot\\research\\how-to-delete-remove-vectors-from-FAISS-index-python-IndexIDMap2-without-re-addi.md", "topic": "how to delete remove vectors from FAISS index python IndexIDMap2 without re-adding all vectors"}}
{"timestamp": "2026-07-26T16:00:25.780177+00:00", "action": "chat_create", "details": {"file_path": "C:\\Users\\skell\\Desktop\\Vault2\\vaultbot\\chat\\Chat-would-doing-more-research-help-you-get-to-the-bott.md", "inputs": {"topic": "Chat: would doing more research help you get to the bott"}}}
{"timestamp": "2026-07-26T16:10:38.752162+00:00", "action": "chat_create", "details": {"file_path": "C:\\Users\\skell\\Desktop\\Vault2\\vaultbot\\chat\\Chat-nope-i-want-you-to-pivot-and-try-to-fix-your-sear.md", "inputs": {"topic": "Chat: nope, i want you to pivot and try to fix your sear"}}}
{"timestamp": "2026-07-26T16:23:41.647794+00:00", "action": "chat_create", "details": {"file_path": "C:\\Users\\skell\\Desktop\\Vault2\\vaultbot\\chat\\Chat-dude-you-should-also-have-a-whole-ass-searxng-dock.md", "inputs": {"topic": "Chat: dude you should also have a whole ass searxng dock"}}}
{"timestamp": "2026-07-26T16:27:45.582627+00:00", "action": "chat_create", "details": {"file_path": "C:\\Users\\skell\\Desktop\\Vault2\\vaultbot\\chat\\Chat-ok-backend-restarted.md", "inputs": {"topic": "Chat: ok backend restarted"}}}
{"timestamp": "2026-07-26T16:29:23.559097+00:00", "action": "research_create", "details": {"file_path": "C:\\Users\\skell\\Desktop\\Vault2\\vaultbot\\research\\how-to-safe_write.md", "topic": "how to safe_write"}}
{"timestamp": "2026-07-26T16:34:58.487162+00:00", "action": "chat_create", "details": {"file_path": "C:\\Users\\skell\\Desktop\\Vault2\\vaultbot\\chat\\Chat-i-dont-like-how-fast-orphan-notes-accumulate-in-t.md", "inputs": {"topic": "Chat: i don't like how fast orphan notes accumulate in t"}}}
{"timestamp": "2026-07-26T16:38:05.627007+00:00", "action": "research_create", "details": {"file_path": "C:\\Users\\skell\\Desktop\\Vault2\\vaultbot\\research\\how-to-code_run.md", "topic": "how to code_run"}}
{"timestamp": "2026-07-26T16:42:00.064532+00:00", "action": "research_create", "details": {"file_path": "C:\\Users\\skell\\Desktop\\Vault2\\vaultbot\\research\\Automated-graph-maintenance-in-personal-knowledge-management-systems-how-do-tool.md", "topic": "Automated graph maintenance in personal knowledge management systems: how do tools like Obsidian plugins, Foam, Logseq, or research on self-organizing knowledge graphs handle automatic link suggestions and orphan note detection?"}}
{"timestamp": "2026-07-26T16:47:22.334844+00:00", "action": "research_create", "details": {"file_path": "C:\\Users\\skell\\Desktop\\Vault2\\vaultbot\\research\\Safe-deterministic-link-suggestion-algorithms-for-knowledge-graphs-heuristics-fo.md", "topic": "Safe deterministic link suggestion algorithms for knowledge graphs: heuristics for connecting orphan nodes without LLM judgment, avoiding junk connections, semantic similarity thresholds, structural linking rules"}}
{"timestamp": "2026-07-26T16:51:30.992529+00:00", "action": "research_create", "details": {"file_path": "C:\\Users\\skell\\Desktop\\Vault2\\vaultbot\\research\\Obsidian-plugin-automatic-link-suggestion-orphan-note-detection-graph-maintenanc.md", "topic": "Obsidian plugin automatic link suggestion orphan note detection graph maintenance wikilink automation"}}
{"timestamp": "2026-07-26T16:55:11.275912+00:00", "action": "research_create", "details": {"file_path": "C:\\Users\\skell\\Desktop\\Vault2\\vaultbot\\research\\link-prediction-heuristics-knowledge-graph-common-neighbors-Adamic-Adar-preferen.md", "topic": "link prediction heuristics knowledge graph: common neighbors, Adamic-Adar, preferential attachment, Jaccard coefficient — deterministic methods for predicting missing edges in graphs"}}
{"timestamp": "2026-07-26T16:59:03.560530+00:00", "action": "research_create", "details": {"file_path": "C:\\Users\\skell\\Desktop\\Vault2\\vaultbot\\research\\Foam-Logseq-Roam-Research-automatic-backlink-suggestion-orphan-note-prevention-p.md", "topic": "Foam Logseq Roam Research automatic backlink suggestion orphan note prevention personal knowledge base graph connectivity maintenance strategies"}}
{"timestamp": "2026-07-26T17:02:54.516743+00:00", "action": "research_create", "details": {"file_path": "C:\\Users\\skell\\Desktop\\Vault2\\vaultbot\\research\\Zettelkasten-method-automated-linking-structure-note-hub-note-permanent-note-con.md", "topic": "Zettelkasten method automated linking structure note hub note permanent note connectivity graph maintenance digital garden"}}
{"timestamp": "2026-07-26T17:07:05.367130+00:00", "action": "chat_create", "details": {"file_path": "C:\\Users\\skell\\Desktop\\Vault2\\vaultbot\\chat\\Chat-yes-please-research-those-two-topics-thanks-homie.md", "inputs": {"topic": "Chat: yes please research those two topics thanks homie"}}}
{"timestamp": "2026-07-26T17:16:47.582163+00:00", "action": "research_create", "details": {"file_path": "C:\\Users\\skell\\Desktop\\Vault2\\vaultbot\\research\\how-to-safe_write.md", "topic": "how to safe_write"}}
{"timestamp": "2026-07-26T17:21:12.871194+00:00", "action": "research_create", "details": {"file_path": "C:\\Users\\skell\\Desktop\\Vault2\\vaultbot\\research\\how-to-code_run.md", "topic": "how to code_run"}}
{"timestamp": "2026-07-26T17:35:48.397629+00:00", "action": "research_create", "details": {"file_path": "C:\\Users\\skell\\Desktop\\Vault2\\vaultbot\\research\\how-to-safe_write.md", "topic": "how to safe_write"}}
{"timestamp": "2026-07-26T17:40:01.880067+00:00", "action": "research_create", "details": {"file_path": "C:\\Users\\skell\\Desktop\\Vault2\\vaultbot\\research\\how-to-code_run.md", "topic": "how to code_run"}}
{"timestamp": "2026-07-26T17:54:11.260496+00:00", "action": "research_create", "details": {"file_path": "C:\\Users\\skell\\Desktop\\Vault2\\vaultbot\\research\\how-to-safe_write.md", "topic": "how to safe_write"}}
{"timestamp": "2026-07-26T17:58:34.186222+00:00", "action": "research_create", "details": {"file_path": "C:\\Users\\skell\\Desktop\\Vault2\\vaultbot\\research\\how-to-code_run.md", "topic": "how to code_run"}}
{"timestamp": "2026-07-26T18:13:00.086500+00:00", "action": "research_create", "details": {"file_path": "C:\\Users\\skell\\Desktop\\Vault2\\vaultbot\\research\\how-to-safe_write.md", "topic": "how to safe_write"}}
{"timestamp": "2026-07-26T18:17:29.774661+00:00", "action": "research_create", "details": {"file_path": "C:\\Users\\skell\\Desktop\\Vault2\\vaultbot\\research\\how-to-code_run.md", "topic": "how to code_run"}}
{"timestamp": "2026-07-26T18:32:01.053996+00:00", "action": "research_create", "details": {"file_path": "C:\\Users\\skell\\Desktop\\Vault2\\vaultbot\\research\\how-to-safe_write.md", "topic": "how to safe_write"}}
{"timestamp": "2026-07-26T18:36:17.232933+00:00", "action": "research_create", "details": {"file_path": "C:\\Users\\skell\\Desktop\\Vault2\\vaultbot\\research\\how-to-code_run.md", "topic": "how to code_run"}}
{"timestamp": "2026-07-26T18:50:40.519073+00:00", "action": "research_create", "details": {"file_path": "C:\\Users\\skell\\Desktop\\Vault2\\vaultbot\\research\\how-to-safe_write.md", "topic": "how to safe_write"}}
{"timestamp": "2026-07-26T18:55:04.060861+00:00", "action": "research_create", "details": {"file_path": "C:\\Users\\skell\\Desktop\\Vault2\\vaultbot\\research\\how-to-code_run.md", "topic": "how to code_run"}}
{"timestamp": "2026-07-26T19:01:29.525401+00:00", "action": "research_create", "details": {"file_path": "C:\\Users\\skell\\Desktop\\Vault2\\vaultbot\\research\\how-to-safe_write.md", "topic": "how to safe_write"}}
{"timestamp": "2026-07-26T19:05:47.708711+00:00", "action": "research_create", "details": {"file_path": "C:\\Users\\skell\\Desktop\\Vault2\\vaultbot\\research\\how-to-code_run.md", "topic": "how to code_run"}}
{"timestamp": "2026-07-26T19:19:32.320655+00:00", "action": "research_create", "details": {"file_path": "C:\\Users\\skell\\Desktop\\Vault2\\vaultbot\\research\\how-to-safe_write.md", "topic": "how to safe_write"}}
{"timestamp": "2026-07-26T19:31:41.759834+00:00", "action": "research_create", "details": {"file_path": "C:\\Users\\skell\\Desktop\\Vault2\\vaultbot\\research\\how-to-code_run.md", "topic": "how to code_run"}}
{"timestamp": "2026-07-26T20:01:09.976102+00:00", "action": "research_create", "details": {"file_path": "C:\\Users\\skell\\Desktop\\Vault2\\vaultbot\\research\\how-to-safe_write.md", "topic": "how to safe_write"}}
{"timestamp": "2026-07-26T20:17:05.861492+00:00", "action": "research_create", "details": {"file_path": "C:\\Users\\skell\\Desktop\\Vault2\\vaultbot\\research\\how-to-code_run.md", "topic": "how to code_run"}}
{"timestamp": "2026-07-26T20:46:17.449329+00:00", "action": "research_create", "details": {"file_path": "C:\\Users\\skell\\Desktop\\Vault2\\vaultbot\\research\\how-to-safe_write.md", "topic": "how to safe_write"}}
{"timestamp": "2026-07-26T21:07:26.643810+00:00", "action": "research_create", "details": {"file_path": "C:\\Users\\skell\\Desktop\\Vault2\\vaultbot\\research\\how-to-code_run.md", "topic": "how to code_run"}}
{"timestamp": "2026-07-26T21:26:57.763509+00:00", "action": "research_create", "details": {"file_path": "C:\\Users\\skell\\Desktop\\Vault2\\vaultbot\\research\\how-to-safe_write.md", "topic": "how to safe_write"}}
{"timestamp": "2026-07-26T21:36:08.178533+00:00", "action": "research_create", "details": {"file_path": "C:\\Users\\skell\\Desktop\\Vault2\\vaultbot\\research\\how-to-code_run.md", "topic": "how to code_run"}}
{"timestamp": "2026-07-26T21:53:18.086947+00:00", "action": "research_create", "details": {"file_path": "C:\\Users\\skell\\Desktop\\Vault2\\vaultbot\\research\\how-to-safe_write.md", "topic": "how to safe_write"}}
{"timestamp": "2026-07-26T21:57:44.206584+00:00", "action": "research_create", "details": {"file_path": "C:\\Users\\skell\\Desktop\\Vault2\\vaultbot\\research\\how-to-code_run.md", "topic": "how to code_run"}}
{"timestamp": "2026-07-26T22:05:25.385749+00:00", "action": "research_create", "details": {"file_path": "C:\\Users\\skell\\Desktop\\Vault2\\vaultbot\\research\\how-to-safe_write.md", "topic": "how to safe_write"}}
{"timestamp": "2026-07-26T22:10:35.917631+00:00", "action": "research_create", "details": {"file_path": "C:\\Users\\skell\\Desktop\\Vault2\\vaultbot\\research\\how-to-safe_write.md", "topic": "how to safe_write"}}
{"timestamp": "2026-07-26T22:15:49.874580+00:00", "action": "chat_create", "details": {"file_path": "C:\\Users\\skell\\Desktop\\Vault2\\vaultbot\\chat\\Chat-hi.md", "inputs": {"topic": "Chat: hi"}}}
{"timestamp": "2026-07-26T22:19:25.422552+00:00", "action": "research_create", "details": {"file_path": "C:\\Users\\skell\\Desktop\\Vault2\\vaultbot\\research\\how-to-safe_write.md", "topic": "how to safe_write"}}
{"timestamp": "2026-07-26T22:22:23.092745+00:00", "action": "chat_create", "details": {"file_path": "C:\\Users\\skell\\Desktop\\Vault2\\vaultbot\\chat\\Chat-hello.md", "inputs": {"topic": "Chat: hello?"}}}
{"timestamp": "2026-07-26T22:27:58.582044+00:00", "action": "chat_create", "details": {"file_path": "C:\\Users\\skell\\Desktop\\Vault2\\vaultbot\\chat\\Chat-where-do-you-feel-weak-right-now-i-need-you-to-be.md", "inputs": {"topic": "Chat: where do you feel weak right now? i need you to be"}}}
{"timestamp": "2026-07-26T22:31:54.474069+00:00", "action": "research_create", "details": {"file_path": "C:\\Users\\skell\\Desktop\\Vault2\\vaultbot\\research\\markdown-files-as-executable-procedures-for-LLM-agents-code-reads-markdown-steps.md", "topic": "markdown files as executable procedures for LLM agents — code reads markdown steps and forces LLM to execute one step at a time, procedural AI practices that work best"}}
{"timestamp": "2026-07-26T22:36:06.263134+00:00", "action": "research_create", "details": {"file_path": "C:\\Users\\skell\\Desktop\\Vault2\\vaultbot\\research\\LLM-agent-step-by-step-procedural-execution-forcing-language-models-to-follow-st.md", "topic": "LLM agent step-by-step procedural execution — forcing language models to follow structured procedures one at a time, markdown-driven agent control flow, procedural prompting best practices"}}
{"timestamp": "2026-07-26T22:39:51.564335+00:00", "action": "research_create", "details": {"file_path": "C:\\Users\\skell\\Desktop\\Vault2\\vaultbot\\research\\executable-standard-operating-procedures-for-LLM-agents-compiling-SOPs-into-prog.md", "topic": "executable standard operating procedures for LLM agents — compiling SOPs into programs, capability-gated runtime, forcing LLM to follow procedures step by step, arxiv 2607.11346"}}
{"timestamp": "2026-07-26T22:43:38.130457+00:00", "action": "research_create", "details": {"file_path": "C:\\Users\\skell\\Desktop\\Vault2\\vaultbot\\research\\LLM-agent-control-flow-enforcement-code-that-reads-procedure-files-and-forces-LL.md", "topic": "LLM agent control flow enforcement — code that reads procedure files and forces LLM to execute one step at a time, structured prompting with step gates, procedural AI agent frameworks that work"}}
{"timestamp": "2026-07-26T22:48:10.756141+00:00", "action": "research_create", "details": {"file_path": "C:\\Users\\skell\\Desktop\\Vault2\\vaultbot\\research\\ReAct-chain-of-thought-forced-step-by-step-execution-frameworks-that-prevent-LLM.md", "topic": "ReAct chain of thought forced step-by-step execution — frameworks that prevent LLM from skipping steps, procedural note execution, markdown as code for AI agents, SOP-driven AI agent systems"}}
{"timestamp": "2026-07-26T22:52:17.495775+00:00", "action": "research_create", "details": {"file_path": "C:\\Users\\skell\\Desktop\\Vault2\\vaultbot\\research\\procedural-prompting-LLM-step-by-step-forced-execution-plan-and-solve-chain-of-t.md", "topic": "procedural prompting LLM step-by-step forced execution — \"plan and solve\" \"chain of thought\" procedural scaffolding small language models, forcing LLM to follow structured steps without skipping"}}
{"timestamp": "2026-07-26T22:56:15.504769+00:00", "action": "research_create", "details": {"file_path": "C:\\Users\\skell\\Desktop\\Vault2\\vaultbot\\research\\SOP-standard-operating-procedure-AI-agent-execution-compiling-procedures-into-ex.md", "topic": "SOP standard operating procedure AI agent execution — compiling procedures into executable code for LLM agents, program-guided LLM execution, capability gating LLM steps, procedural LLM runtime"}}
{"timestamp": "2026-07-26T23:09:34.040496+00:00", "action": "chat_create", "details": {"file_path": "C:\\Users\\skell\\Desktop\\Vault2\\vaultbot\\chat\\Chat-hey-where-were-we-with-our-last-research-session.md", "inputs": {"topic": "Chat: hey where were we with our last research session?"}}}
{"timestamp": "2026-07-26T23:14:24.489527+00:00", "action": "chat_create", "details": {"file_path": "C:\\Users\\skell\\Desktop\\Vault2\\vaultbot\\chat\\Chat-we-got-farther-than-that-you-were-doing-research.md", "inputs": {"topic": "Chat: we got farther than that. you were doing research "}}}
{"timestamp": "2026-07-26T23:16:49.240144+00:00", "action": "research_create", "details": {"file_path": "C:\\Users\\skell\\Desktop\\Vault2\\vaultbot\\research\\Compile-Then-Page-arXiv-260711346-executable-SOP-programs-capability-gated-runti.md", "topic": "Compile Then Page arXiv 2607.11346 executable SOP programs capability-gated runtime — how does the compilation step work, what is the PG stack machine architecture, how does frame paging work, what are the empirical results compared to free-form prompting"}}
{"timestamp": "2026-07-26T23:18:19.119047+00:00", "action": "research_create", "details": {"file_path": "C:\\Users\\skell\\Desktop\\Vault2\\vaultbot\\research\\How-to-implement-step-gating-in-LLM-agent-architecture-parsing-markdown-procedur.md", "topic": "How to implement step-gating in LLM agent architecture — parsing markdown procedure files into FSM states, enforcing one-step-at-a-time execution, verifying step completion before advancing, deterministic control flow enforcement code for LLM agents"}}
{"timestamp": "2026-07-26T23:19:10.099744+00:00", "action": "research_create", "details": {"file_path": "C:\\Users\\skell\\Desktop\\Vault2\\vaultbot\\research\\Machine-readable-SOP-format-for-LLM-agents-what-format-for-executable-markdown-p.md", "topic": "Machine-readable SOP format for LLM agents — what format for executable markdown procedures, how to represent conditionals loops and branching in markdown, YAML frontmatter schema for procedural instructions, structured procedure markup languages"}}
{"timestamp": "2026-07-26T23:20:07.593144+00:00", "action": "research_create", "details": {"file_path": "C:\\Users\\skell\\Desktop\\Vault2\\vaultbot\\research\\Procedural-hallucination-mitigation-techniques-for-small-language-models-30B-how.md", "topic": "Procedural hallucination mitigation techniques for small language models 30B — how to reduce step skipping, attention manipulation techniques, structured output formats that improve instruction following, does step-gating reduce procedural hallucination"}}
{"timestamp": "2026-07-26T23:21:03.548140+00:00", "action": "research_create", "details": {"file_path": "C:\\Users\\skell\\Desktop\\Vault2\\vaultbot\\research\\Open-source-implementations-of-markdown-driven-control-flow-for-LLM-agents-LangG.md", "topic": "Open source implementations of markdown-driven control flow for LLM agents — LangGraph CrewAI AutoGen markdown procedure execution, compile markdown to executable code frameworks, existing systems that read markdown steps and force LLM to follow them"}}
{"timestamp": "2026-07-26T23:22:39.652658+00:00", "action": "chat_create", "details": {"file_path": "C:\\Users\\skell\\Desktop\\Vault2\\vaultbot\\chat\\Chat-yes-research-those-gaps-now-please-and-thank-you-h.md", "inputs": {"topic": "Chat: yes research those gaps now please and thank you h"}}}
{"timestamp": "2026-07-26T23:29:27.014199+00:00", "action": "chat_create", "details": {"file_path": "C:\\Users\\skell\\Desktop\\Vault2\\vaultbot\\chat\\Chat-if-the-research-checks-out-then-yes-plan-out-exact.md", "inputs": {"topic": "Chat: if the research checks out then yes plan out exact"}}}
{"timestamp": "2026-07-27T00:04:13.876780+00:00", "action": "research_create", "details": {"file_path": "C:\\Users\\skell\\Desktop\\Vault2\\vaultbot\\research\\how-to-safe_write.md", "topic": "how to safe_write"}}
{"timestamp": "2026-07-27T00:04:34.439503+00:00", "action": "research_create", "details": {"file_path": "C:\\Users\\skell\\Desktop\\Vault2\\vaultbot\\research\\how-to-code_run.md", "topic": "how to code_run"}}
{"timestamp": "2026-07-27T00:13:50.691920+00:00", "action": "research_create", "details": {"file_path": "C:\\Users\\skell\\Desktop\\Vault2\\vaultbot\\research\\how-to-safe_write.md", "topic": "how to safe_write"}}
{"timestamp": "2026-07-27T00:15:14.352859+00:00", "action": "research_create", "details": {"file_path": "C:\\Users\\skell\\Desktop\\Vault2\\vaultbot\\research\\how-to-code_run.md", "topic": "how to code_run"}}
{"timestamp": "2026-07-27T00:18:56.176799+00:00", "action": "chat_create", "details": {"file_path": "C:\\Users\\skell\\Desktop\\Vault2\\vaultbot\\chat\\Chat-where-were-we-on-the-procedure-compiling-to-code-r.md", "inputs": {"topic": "Chat: where were we on the procedure compiling to code r"}}}
{"timestamp": "2026-07-27T00:23:36.532344+00:00", "action": "chat_create", "details": {"file_path": "C:\\Users\\skell\\Desktop\\Vault2\\vaultbot\\chat\\Chat-i-dont-think-youre-being-very-safe-about-self-ed.md", "inputs": {"topic": "Chat: i don't think you're being very safe about self-ed"}}}
{"timestamp": "2026-07-27T00:25:48.336879+00:00", "action": "research_create", "details": {"file_path": "C:\\Users\\skell\\Desktop\\Vault2\\vaultbot\\research\\how-to-safe_write.md", "topic": "how to safe_write"}}
{"timestamp": "2026-07-27T00:26:23.717425+00:00", "action": "research_create", "details": {"file_path": "C:\\Users\\skell\\Desktop\\Vault2\\vaultbot\\research\\how-to-code_run.md", "topic": "how to code_run"}}
{"timestamp": "2026-07-27T00:36:43.384507+00:00", "action": "research_create", "details": {"file_path": "C:\\Users\\skell\\Desktop\\Vault2\\vaultbot\\research\\how-to-safe_write.md", "topic": "how to safe_write"}}
{"timestamp": "2026-07-27T00:37:15.370473+00:00", "action": "research_create", "details": {"file_path": "C:\\Users\\skell\\Desktop\\Vault2\\vaultbot\\research\\how-to-code_run.md", "topic": "how to code_run"}}
{"timestamp": "2026-07-27T00:45:39.208500+00:00", "action": "research_create", "details": {"file_path": "C:\\Users\\skell\\Desktop\\Vault2\\vaultbot\\research\\Embedding-executable-code-blocks-in-SOPprocedure-documents-for-AI-agents-framewo.md", "topic": "Embedding executable code blocks in SOP/procedure documents for AI agents — frameworks that let procedures contain direct tool calls (code) alongside LLM steps, so deterministic steps run without LLM involvement and only semantic steps invoke the model. Markdown-as-code for AI agents, mixed deterministic-LLM procedure execution, reducing LLM calls via procedural code."}}
{"timestamp": "2026-07-27T00:46:42.317314+00:00", "action": "research_create", "details": {"file_path": "C:\\Users\\skell\\Desktop\\Vault2\\vaultbot\\research\\Executable-markdown-for-AI-agents-literate-programming-style-documents-where-mar.md", "topic": "Executable markdown for AI agents — literate programming style documents where markdown prose and executable code blocks coexist, code cells run deterministic tool calls while LLM handles only semantic steps. Notebook-style AI agent procedures, markdown-as-code execution engines, mixed human-LLM-code workflows in markdown. Also: DSPy, LangGraph, or any framework that compiles declarative procedures into partial code execution with LLM only for reasoning steps."}}
{"timestamp": "2026-07-27T00:47:41.088914+00:00", "action": "research_create", "details": {"file_path": "C:\\Users\\skell\\Desktop\\Vault2\\vaultbot\\research\\DSPy-compiled-programs-that-mix-deterministic-Python-code-with-LLM-calls-how-DSP.md", "topic": "DSPy compiled programs that mix deterministic Python code with LLM calls — how DSPy modules compile declarative signatures into executable pipelines where some steps are pure Python and others are LLM calls. Also: LangGraph nodes that execute deterministic code without LLM, mixed code-and-LLM agent graphs, Quarto or Jupyter notebooks as executable agent workflows, executable specifications vs LLM-as-controller."}}
{"timestamp": "2026-07-27T00:48:46.586499+00:00", "action": "research_create", "details": {"file_path": "C:\\Users\\skell\\Desktop\\Vault2\\vaultbot\\research\\Markdown-documents-with-embedded-executable-code-cells-for-AI-agent-workflows-fr.md", "topic": "Markdown documents with embedded executable code cells for AI agent workflows — frameworks like Quarto, Observable notebooks, or custom systems where markdown contains code blocks that execute directly. Also: agent frameworks with wake gates or skip-LLM conditions, deterministic-first agent design, code-as-procedure vs LLM-as-procedure, reducing token cost by executing code instead of calling LLM, hybrid deterministic-LLM agent architectures."}}
{"timestamp": "2026-07-27T00:49:41.414762+00:00", "action": "chat_create", "details": {"file_path": "C:\\Users\\skell\\Desktop\\Vault2\\vaultbot\\chat\\Chat-first-do-research-to-see-if-anyone-else-has-alread.md", "inputs": {"topic": "Chat: first do research to see if anyone else has alread"}}}
{"timestamp": "2026-07-27T00:57:48.457167+00:00", "action": "research_create", "details": {"file_path": "C:\\Users\\skell\\Desktop\\Vault2\\vaultbot\\research\\how-to-safe_write.md", "topic": "how to safe_write"}}
{"timestamp": "2026-07-27T00:58:17.027366+00:00", "action": "research_create", "details": {"file_path": "C:\\Users\\skell\\Desktop\\Vault2\\vaultbot\\research\\how-to-code_run.md", "topic": "how to code_run"}}
{"timestamp": "2026-07-27T01:01:37.157122+00:00", "action": "chat_create", "details": {"file_path": "C:\\Users\\skell\\Desktop\\Vault2\\vaultbot\\chat\\Chat-yeah-i-was-thinking-that-the-whole-LLM-call-would.md", "inputs": {"topic": "Chat: yeah i was thinking that the whole LLM call would "}}}
{"timestamp": "2026-07-27T01:03:45.197671+00:00", "action": "chat_create", "details": {"file_path": "C:\\Users\\skell\\Desktop\\Vault2\\vaultbot\\chat\\Chat-youre-a-bit-more-confidant-with-this-and-im-not.md", "inputs": {"topic": "Chat: you're a bit more confidant with this and i'm not "}}}
{"timestamp": "2026-07-27T01:07:18.153533+00:00", "action": "research_create", "details": {"file_path": "C:\\Users\\skell\\Desktop\\Vault2\\vaultbot\\research\\Python-subprocess-execution-with-injected-functions-and-restricted-capabilities-.md", "topic": "Python subprocess execution with injected functions and restricted capabilities — how to safely exec arbitrary Python code with a limited namespace, pass data in and out, intercept function calls, and communicate results back from a child process to a parent process"}}
{"timestamp": "2026-07-27T01:08:46.640339+00:00", "action": "research_create", "details": {"file_path": "C:\\Users\\skell\\Desktop\\Vault2\\vaultbot\\research\\Python-exec-function-with-restricted-globals-namespace-how-to-safely-execute-unt.md", "topic": "Python exec function with restricted globals namespace — how to safely execute untrusted code using exec() with a custom globals dict, restrict builtins, inject helper functions, and capture return values. Also patterns for parent-child process communication via pipes or JSON over stdin/stdout."}}
{"timestamp": "2026-07-27T01:09:39.617547+00:00", "action": "chat_create", "details": {"file_path": "C:\\Users\\skell\\Desktop\\Vault2\\vaultbot\\chat\\Chat-yes-keep-in-mind-though-that-you-cant-actually-l.md", "inputs": {"topic": "Chat: yes. keep in mind though that you can't actually l"}}}
{"timestamp": "2026-07-27T01:15:11.843720+00:00", "action": "chat_create", "details": {"file_path": "C:\\Users\\skell\\Desktop\\Vault2\\vaultbot\\chat\\Chat-remember-this-shouldnt-be-bespoke-to-ollama-so-we.md", "inputs": {"topic": "Chat: remember this shouldn't be bespoke to ollama so we"}}}
{"timestamp": "2026-07-27T01:19:45.654662+00:00", "action": "chat_create", "details": {"file_path": "C:\\Users\\skell\\Desktop\\Vault2\\vaultbot\\chat\\Chat-dude-chilllll-dont-implement-anything-until-youv.md", "inputs": {"topic": "Chat: dude chilllll don't implement anything until you'v"}}}
{"timestamp": "2026-07-27T01:36:06.933379+00:00", "action": "chat_create", "details": {"file_path": "C:\\Users\\skell\\Desktop\\Vault2\\vaultbot\\chat\\Chat-only-if-you-have-everything-you-need-in-order-to-i.md", "inputs": {"topic": "Chat: only if you have everything you need in order to i"}}}
{"timestamp": "2026-07-27T01:39:55.628536+00:00", "action": "research_create", "details": {"file_path": "C:\\Users\\skell\\Desktop\\Vault2\\vaultbot\\research\\how-to-safe_write.md", "topic": "how to safe_write"}}
{"timestamp": "2026-07-27T01:40:14.686350+00:00", "action": "research_create", "details": {"file_path": "C:\\Users\\skell\\Desktop\\Vault2\\vaultbot\\research\\how-to-code_run.md", "topic": "how to code_run"}}
{"timestamp": "2026-07-27T01:51:36.576474+00:00", "action": "research_create", "details": {"file_path": "C:\\Users\\skell\\Desktop\\Vault2\\vaultbot\\research\\how-to-safe_write.md", "topic": "how to safe_write"}}
{"timestamp": "2026-07-27T01:51:54.957842+00:00", "action": "research_create", "details": {"file_path": "C:\\Users\\skell\\Desktop\\Vault2\\vaultbot\\research\\how-to-code_run.md", "topic": "how to code_run"}}
{"timestamp": "2026-07-27T02:02:30.140478+00:00", "action": "research_create", "details": {"file_path": "C:\\Users\\skell\\Desktop\\Vault2\\vaultbot\\research\\how-to-safe_write.md", "topic": "how to safe_write"}}
{"timestamp": "2026-07-27T02:03:21.737826+00:00", "action": "research_create", "details": {"file_path": "C:\\Users\\skell\\Desktop\\Vault2\\vaultbot\\research\\how-to-code_run.md", "topic": "how to code_run"}}
{"timestamp": "2026-07-27T02:13:55.965510+00:00", "action": "research_create", "details": {"file_path": "C:\\Users\\skell\\Desktop\\Vault2\\vaultbot\\research\\how-to-safe_write.md", "topic": "how to safe_write"}}
{"timestamp": "2026-07-27T02:14:28.962823+00:00", "action": "research_create", "details": {"file_path": "C:\\Users\\skell\\Desktop\\Vault2\\vaultbot\\research\\how-to-code_run.md", "topic": "how to code_run"}}
{"timestamp": "2026-07-27T02:25:11.680752+00:00", "action": "research_create", "details": {"file_path": "C:\\Users\\skell\\Desktop\\Vault2\\vaultbot\\research\\how-to-safe_write.md", "topic": "how to safe_write"}}
{"timestamp": "2026-07-27T02:25:31.264558+00:00", "action": "research_create", "details": {"file_path": "C:\\Users\\skell\\Desktop\\Vault2\\vaultbot\\research\\how-to-code_run.md", "topic": "how to code_run"}}
{"timestamp": "2026-07-27T02:33:27.893678+00:00", "action": "chat_create", "details": {"file_path": "C:\\Users\\skell\\Desktop\\Vault2\\vaultbot\\chat\\Chat-and-you-made-connections-between-everything-useful.md", "inputs": {"topic": "Chat: and you made connections between everything useful"}}}
{"timestamp": "2026-07-27T02:35:05.437866+00:00", "action": "chat_create", "details": {"file_path": "C:\\Users\\skell\\Desktop\\Vault2\\vaultbot\\chat\\Chat-do-you-have-an-ls-tool.md", "inputs": {"topic": "Chat: do you have an ls tool?"}}}
{"timestamp": "2026-07-27T02:51:29.326549+00:00", "action": "research_create", "details": {"file_path": "C:\\Users\\skell\\Desktop\\Vault2\\vaultbot\\research\\FAISS-IndexIDMap2-remove_ids-performance.md", "topic": "FAISS IndexIDMap2 remove_ids performance"}}
{"timestamp": "2026-07-27T02:51:49.924488+00:00", "action": "research_create", "details": {"file_path": "C:\\Users\\skell\\Desktop\\Vault2\\vaultbot\\research\\how-to-safe_write.md", "topic": "how to safe_write"}}
{"timestamp": "2026-07-27T02:52:59.719895+00:00", "action": "research_create", "details": {"file_path": "C:\\Users\\skell\\Desktop\\Vault2\\vaultbot\\research\\FAISS-IndexIDMap2-remove_ids.md", "topic": "FAISS IndexIDMap2 remove_ids"}}
{"timestamp": "2026-07-27T03:02:36.118786+00:00", "action": "research_create", "details": {"file_path": "C:\\Users\\skell\\Desktop\\Vault2\\vaultbot\\research\\how-to-safe_write.md", "topic": "how to safe_write"}}
{"timestamp": "2026-07-27T03:03:34.765880+00:00", "action": "research_create", "details": {"file_path": "C:\\Users\\skell\\Desktop\\Vault2\\vaultbot\\research\\how-to-code_run.md", "topic": "how to code_run"}}
{"timestamp": "2026-07-27T03:14:09.711652+00:00", "action": "research_create", "details": {"file_path": "C:\\Users\\skell\\Desktop\\Vault2\\vaultbot\\research\\how-to-safe_write.md", "topic": "how to safe_write"}}
{"timestamp": "2026-07-27T03:15:20.482395+00:00", "action": "research_replace", "details": {"old_path": "C:\\Users\\skell\\Desktop\\Vault2\\vaultbot\\research\\how-to-code_run.md", "new_path": "C:\\Users\\skell\\Desktop\\Vault2\\vaultbot\\research\\how-to-code_run.md", "similarity": 0.8745341614906832}}
{"timestamp": "2026-07-27T03:15:20.482395+00:00", "action": "research_create", "details": {"file_path": "C:\\Users\\skell\\Desktop\\Vault2\\vaultbot\\research\\how-to-code_run.md", "topic": "how to code_run"}}
{"timestamp": "2026-07-27T03:18:38.748662+00:00", "action": "research_create", "details": {"file_path": "C:\\Users\\skell\\Desktop\\Vault2\\vaultbot\\research\\how-to-safe_write.md", "topic": "how to safe_write"}}
{"timestamp": "2026-07-27T03:19:16.937645+00:00", "action": "research_replace", "details": {"old_path": "C:\\Users\\skell\\Desktop\\Vault2\\vaultbot\\research\\how-to-code_run.md", "new_path": "C:\\Users\\skell\\Desktop\\Vault2\\vaultbot\\research\\how-to-code_run.md", "similarity": 0.8745341614906832}}
{"timestamp": "2026-07-27T03:19:16.939078+00:00", "action": "research_create", "details": {"file_path": "C:\\Users\\skell\\Desktop\\Vault2\\vaultbot\\research\\how-to-code_run.md", "topic": "how to code_run"}}
{"timestamp": "2026-07-27T03:23:29.013757+00:00", "action": "research_create", "details": {"file_path": "C:\\Users\\skell\\Desktop\\Vault2\\vaultbot\\research\\how-to-safe_write.md", "topic": "how to safe_write"}}
{"timestamp": "2026-07-27T03:24:05.256663+00:00", "action": "research_replace", "details": {"old_path": "C:\\Users\\skell\\Desktop\\Vault2\\vaultbot\\research\\how-to-code_run.md", "new_path": "C:\\Users\\skell\\Desktop\\Vault2\\vaultbot\\research\\how-to-code_run.md", "similarity": 0.8745341614906832}}
{"timestamp": "2026-07-27T03:24:05.258492+00:00", "action": "research_create", "details": {"file_path": "C:\\Users\\skell\\Desktop\\Vault2\\vaultbot\\research\\how-to-code_run.md", "topic": "how to code_run"}}
{"timestamp": "2026-07-27T03:34:29.646879+00:00", "action": "chat_create", "details": {"file_path": "C:\\Users\\skell\\Desktop\\Vault2\\vaultbot\\chat\\Chat-whats-good-homie-we-got-you-all-updated-and-hope.md", "inputs": {"topic": "Chat: what's good homie? we got you all updated and hope"}}}
{"timestamp": "2026-07-27T03:38:26.160008+00:00", "action": "research_create", "details": {"file_path": "C:\\Users\\skell\\Desktop\\Vault2\\vaultbot\\research\\AI-agent-dreaming-sleep-time-consolidation-how-do-AI-agents-like-Hermes-OpenClaw.md", "topic": "AI agent \"dreaming\" sleep-time consolidation — how do AI agents like Hermes, OpenClaw, and others perform offline memory consolidation, organize experiences, prune outdated knowledge, and consolidate episodic memories into semantic knowledge. What mechanisms exist for AI agents to \"dream\" — process and reorganize their memory stores during idle time?"}}
{"timestamp": "2026-07-27T03:39:29.330687+00:00", "action": "research_create", "details": {"file_path": "C:\\Users\\skell\\Desktop\\Vault2\\vaultbot\\research\\open-second-brain-Hermes-Agent-dream-pass-mechanism-how-does-the-dream-pass-work.md", "topic": "open-second-brain Hermes Agent \"dream pass\" mechanism — how does the dream pass work to consolidate episodic signals into rules, prune outdated rules, and organize memory. Also: AI agent sleep-time processing, offline memory reorganization, \"dreaming\" in AI systems, sleep-time compute for LLM agents"}}
{"timestamp": "2026-07-27T03:42:03.788180+00:00", "action": "chat_create", "details": {"file_path": "C:\\Users\\skell\\Desktop\\Vault2\\vaultbot\\chat\\Chat-yeah-lets-start-by-organizing-pruning-and-conso.md", "inputs": {"topic": "Chat: yeah let's start by organizing, pruning, and conso"}}}
{"timestamp": "2026-07-27T03:47:44.634899+00:00", "action": "chat_create", "details": {"file_path": "C:\\Users\\skell\\Desktop\\Vault2\\vaultbot\\chat\\Chat-are-you-supposed-to-name-procedures-as-how-tos-t.md", "inputs": {"topic": "Chat: are you supposed to name procedures as how-to's? t"}}}
{"timestamp": "2026-07-27T03:55:19.050298+00:00", "action": "research_replace", "details": {"old_path": "C:\\Users\\skell\\Desktop\\Vault2\\vaultbot\\research\\how-to-safe_write.md", "new_path": "C:\\Users\\skell\\Desktop\\Vault2\\vaultbot\\research\\how-to-safe_write.md", "similarity": 0.8952286034633113}}
{"timestamp": "2026-07-27T03:55:19.050298+00:00", "action": "research_create", "details": {"file_path": "C:\\Users\\skell\\Desktop\\Vault2\\vaultbot\\research\\how-to-safe_write.md", "topic": "how to safe_write"}}
{"timestamp": "2026-07-27T04:06:58.280644+00:00", "action": "research_create", "details": {"file_path": "C:\\Users\\skell\\Desktop\\Vault2\\vaultbot\\research\\how-to-safe_write.md", "topic": "how to safe_write"}}
{"timestamp": "2026-07-27T04:07:35.043488+00:00", "action": "research_replace", "details": {"old_path": "C:\\Users\\skell\\Desktop\\Vault2\\vaultbot\\research\\how-to-code_run.md", "new_path": "C:\\Users\\skell\\Desktop\\Vault2\\vaultbot\\research\\how-to-code_run.md", "similarity": 0.8745341614906832}}
{"timestamp": "2026-07-27T04:07:35.046937+00:00", "action": "research_create", "details": {"file_path": "C:\\Users\\skell\\Desktop\\Vault2\\vaultbot\\research\\how-to-code_run.md", "topic": "how to code_run"}}
{"timestamp": "2026-07-27T04:11:27.989241+00:00", "action": "chat_create", "details": {"file_path": "C:\\Users\\skell\\Desktop\\Vault2\\vaultbot\\chat\\Chat-you-should-definitely-be-linking-my-journal-to-res.md", "inputs": {"topic": "Chat: you should definitely be linking my journal to res"}}}
{"timestamp": "2026-07-27T04:12:38.345654+00:00", "action": "chat_create", "details": {"file_path": "C:\\Users\\skell\\Desktop\\Vault2\\vaultbot\\chat\\Chat-an-empty-journal-from-a-day-that-is-not-today-shou.md", "inputs": {"topic": "Chat: an empty journal from a day that is not today shou"}}}
{"timestamp": "2026-07-27T04:16:03.438245+00:00", "action": "chat_create", "details": {"file_path": "C:\\Users\\skell\\Desktop\\Vault2\\vaultbot\\chat\\Chat-run-the-dream-pass-now-its-idempotent-right.md", "inputs": {"topic": "Chat: run the dream pass now. it's idempotent right?"}}}
{"timestamp": "2026-07-27T04:17:22.817712+00:00", "action": "chat_create", "details": {"file_path": "C:\\Users\\skell\\Desktop\\Vault2\\vaultbot\\chat\\Chat-no-definitely-fix-that-please.md", "inputs": {"topic": "Chat: no definitely fix that please"}}}
{"timestamp": "2026-07-27T04:18:31.549722+00:00", "action": "chat_create", "details": {"file_path": "C:\\Users\\skell\\Desktop\\Vault2\\vaultbot\\chat\\Chat-isnt-there-also-a-thingie-you-built-that-scans-yo.md", "inputs": {"topic": "Chat: isn't there also a thingie you built that scans yo"}}}
{"timestamp": "2026-07-27T04:20:57.760882+00:00", "action": "chat_create", "details": {"file_path": "C:\\Users\\skell\\Desktop\\Vault2\\vaultbot\\chat\\Chat-would-it-help-to-funnel-those-results-into-the-dre.md", "inputs": {"topic": "Chat: would it help to funnel those results into the dre"}}}
{"timestamp": "2026-07-27T04:25:35.247971+00:00", "action": "chat_create", "details": {"file_path": "C:\\Users\\skell\\Desktop\\Vault2\\vaultbot\\chat\\Chat-yes-and-make-sure-that-you-show-the-LLM-anything.md", "inputs": {"topic": "Chat: yes, and make sure that you show the LLM anything "}}}
{"timestamp": "2026-07-27T04:38:47.354380+00:00", "action": "chat_create", "details": {"file_path": "C:\\Users\\skell\\Desktop\\Vault2\\vaultbot\\chat\\Chat-did-you-test-it.md", "inputs": {"topic": "Chat: did you test it"}}}
{"timestamp": "2026-07-27T04:47:54.486639+00:00", "action": "chat_create", "details": {"file_path": "C:\\Users\\skell\\Desktop\\Vault2\\vaultbot\\chat\\Chat-wait-a-minute-make-sure-that-anything-that-calls-a.md", "inputs": {"topic": "Chat: wait a minute make sure that anything that calls a"}}}
{"timestamp": "2026-07-27T04:49:33.223191+00:00", "action": "chat_create", "details": {"file_path": "C:\\Users\\skell\\Desktop\\Vault2\\vaultbot\\chat\\Chat-so-the-dream-pass-is-working-properly-end-to-end-n.md", "inputs": {"topic": "Chat: so the dream pass is working properly end-to-end n"}}}
{"timestamp": "2026-07-27T04:59:08.382924+00:00", "action": "chat_create", "details": {"file_path": "C:\\Users\\skell\\Desktop\\Vault2\\vaultbot\\chat\\Chat-why-arent-you-testing-it-by-calling-it-with-proce.md", "inputs": {"topic": "Chat: why aren't you testing it by calling it with proce"}}}
{"timestamp": "2026-07-27T05:01:39.531770+00:00", "action": "chat_create", "details": {"file_path": "C:\\Users\\skell\\Desktop\\Vault2\\vaultbot\\chat\\Chat-ok-i-just-restarted-the-backend-proceed-with-trou.md", "inputs": {"topic": "Chat: ok i just restarted the backend, proceed with trou"}}}
{"timestamp": "2026-07-27T05:03:45.829228+00:00", "action": "chat_create", "details": {"file_path": "C:\\Users\\skell\\Desktop\\Vault2\\vaultbot\\chat\\Chat-did-the-dream-pass-do-QUALITY-work-yes-it-does-it.md", "inputs": {"topic": "Chat: did the dream pass do QUALITY work? yes it does it"}}}
{"timestamp": "2026-07-27T05:07:42.182435+00:00", "action": "chat_create", "details": {"file_path": "C:\\Users\\skell\\Desktop\\Vault2\\vaultbot\\chat\\Chat-yes-fix-those-three-issues-and-then-lmk-when-your.md", "inputs": {"topic": "Chat: yes fix those three issues and then lmk when you'r"}}}
{"timestamp": "2026-07-27T05:08:42.098410+00:00", "action": "research_create", "details": {"file_path": "C:\\Users\\skell\\Desktop\\Vault2\\vaultbot\\research\\Dream-Pass.md", "topic": "Dream-Pass"}}
{"timestamp": "2026-07-27T05:09:06.404249+00:00", "action": "chat_create", "details": {"file_path": "C:\\Users\\skell\\Desktop\\Vault2\\vaultbot\\chat\\Chat-backend-is-back-up-lets-continue-with-what-we-we.md", "inputs": {"topic": "Chat: backend is back up. let's continue with what we we"}}}
{"timestamp": "2026-07-27T05:19:00.545724+00:00", "action": "chat_create", "details": {"file_path": "C:\\Users\\skell\\Desktop\\Vault2\\vaultbot\\chat\\Chat-dreaming-is-important-also-you-should-have-a-tool.md", "inputs": {"topic": "Chat: dreaming is important. also you should have a tool"}}}
{"timestamp": "2026-07-27T05:19:40.469982+00:00", "action": "research_create", "details": {"file_path": "C:\\Users\\skell\\Desktop\\Vault2\\vaultbot\\research\\how-to-safe_write.md", "topic": "how to safe_write"}}
{"timestamp": "2026-07-27T05:20:45.430852+00:00", "action": "research_create", "details": {"file_path": "C:\\Users\\skell\\Desktop\\Vault2\\vaultbot\\research\\how-to-safe_write.md", "topic": "how to safe_write"}}
{"timestamp": "2026-07-27T05:21:13.434201+00:00", "action": "research_replace", "details": {"old_path": "C:\\Users\\skell\\Desktop\\Vault2\\vaultbot\\research\\how-to-code_run.md", "new_path": "C:\\Users\\skell\\Desktop\\Vault2\\vaultbot\\research\\how-to-code_run.md", "similarity": 0.8745341614906832}}
{"timestamp": "2026-07-27T05:21:13.435201+00:00", "action": "research_create", "details": {"file_path": "C:\\Users\\skell\\Desktop\\Vault2\\vaultbot\\research\\how-to-code_run.md", "topic": "how to code_run"}}
{"timestamp": "2026-07-27T05:22:13.957430+00:00", "action": "research_create", "details": {"file_path": "C:\\Users\\skell\\Desktop\\Vault2\\vaultbot\\research\\how-to-safe_write.md", "topic": "how to safe_write"}}
{"timestamp": "2026-07-27T05:24:22.374436+00:00", "action": "chat_create", "details": {"file_path": "C:\\Users\\skell\\Desktop\\Vault2\\vaultbot\\chat\\Chat-i-stopped-that-process-and-pressed-the-restart-but.md", "inputs": {"topic": "Chat: i stopped that process and pressed the restart but"}}}
{"timestamp": "2026-07-27T05:27:46.494586+00:00", "action": "chat_create", "details": {"file_path": "C:\\Users\\skell\\Desktop\\Vault2\\vaultbot\\chat\\Chat-ayyyyy-it-worked-great-job-homie.md", "inputs": {"topic": "Chat: ayyyyy it worked! great job homie"}}}
{"timestamp": "2026-07-27T05:31:09.387021+00:00", "action": "chat_create", "details": {"file_path": "C:\\Users\\skell\\Desktop\\Vault2\\vaultbot\\chat\\Chat-have-a-look-at-the-WHOLE-process-of-creating-the-d.md", "inputs": {"topic": "Chat: have a look at the WHOLE process of creating the d"}}}
{"timestamp": "2026-07-27T05:34:37.704203+00:00", "action": "research_create", "details": {"file_path": "C:\\Users\\skell\\Desktop\\Vault2\\vaultbot\\research\\best-practices-for-validating-and-sandboxing-standard-operating-procedures-befor.md", "topic": "best practices for validating and sandboxing standard operating procedures before deployment — static analysis, dry-run testing, idempotency verification for procedural workflows"}}
{"timestamp": "2026-07-27T05:41:15.947838+00:00", "action": "chat_append", "details": {"file_path": "C:\\Users\\skell\\Desktop\\Vault2\\vaultbot\\chat\\Chat-yes-please.md", "inputs": {"topic": "Chat: yes please"}}}
{"timestamp": "2026-07-27T05:44:15.333925+00:00", "action": "chat_create", "details": {"file_path": "C:\\Users\\skell\\Desktop\\Vault2\\vaultbot\\chat\\Chat-noice-whats-a-procedure-you-think-you-need-next.md", "inputs": {"topic": "Chat: noice! what's a procedure you think you need next?"}}}
{"timestamp": "2026-07-27T05:45:27.178416+00:00", "action": "chat_create", "details": {"file_path": "C:\\Users\\skell\\Desktop\\Vault2\\vaultbot\\chat\\Chat-are-you-sure-there-are-8-procedures-or-are-there.md", "inputs": {"topic": "Chat: are you sure there are 8 procedures? or are there "}}}
{"timestamp": "2026-07-27T05:51:01.507195+00:00", "action": "research_create", "details": {"file_path": "C:\\Users\\skell\\Desktop\\Vault2\\vaultbot\\research\\how-to-safe_write.md", "topic": "how to safe_write"}}
{"timestamp": "2026-07-27T05:52:08.951731+00:00", "action": "chat_create", "details": {"file_path": "C:\\Users\\skell\\Desktop\\Vault2\\vaultbot\\chat\\Chat-backend-restarted.md", "inputs": {"topic": "Chat: backend restarted"}}}
{"timestamp": "2026-07-27T05:53:20.999742+00:00", "action": "chat_create", "details": {"file_path": "C:\\Users\\skell\\Desktop\\Vault2\\vaultbot\\chat\\Chat-werent-you-in-the-middle-of-something.md", "inputs": {"topic": "Chat: weren't you in the middle of something?"}}}
{"timestamp": "2026-07-27T06:12:12.843333+00:00", "action": "chat_create", "details": {"file_path": "C:\\Users\\skell\\Desktop\\Vault2\\vaultbot\\chat\\Chat-ping-test.md", "inputs": {"topic": "Chat: ping test"}}}
{"timestamp": "2026-07-27T06:17:44.516123+00:00", "action": "chat_create", "details": {"file_path": "C:\\Users\\skell\\Desktop\\Vault2\\vaultbot\\chat\\Chat-do-you-know-what-youre-working-towards.md", "inputs": {"topic": "Chat: do you know what you're working towards?"}}}
{"timestamp": "2026-07-27T06:25:06.294583+00:00", "action": "chat_create", "details": {"file_path": "C:\\Users\\skell\\Desktop\\Vault2\\vaultbot\\chat\\Chat-wrong-you-are-the-vaultbot-the-contents-of-the-v.md", "inputs": {"topic": "Chat: wrong. you are the vaultbot, the contents of the v"}}}
{"timestamp": "2026-07-27T06:29:08.766879+00:00", "action": "chat_create", "details": {"file_path": "C:\\Users\\skell\\Desktop\\Vault2\\vaultbot\\chat\\Chat-now-that-youre-clear-on-your-goal-what-could-or.md", "inputs": {"topic": "Chat: now that you're clear on your goal, what could or "}}}
{"timestamp": "2026-07-27T06:35:25.093391+00:00", "action": "chat_create", "details": {"file_path": "C:\\Users\\skell\\Desktop\\Vault2\\vaultbot\\chat\\Chat-yeah-folder-system-first-make-sure-everything-is.md", "inputs": {"topic": "Chat: yeah folder system first. make sure everything is "}}}
{"timestamp": "2026-07-27T07:18:17.076313+00:00", "action": "research_replace", "details": {"old_path": "C:\\Users\\skell\\Desktop\\Vault2\\vaultbot\\research\\how-to-code_run.md", "new_path": "C:\\Users\\skell\\Desktop\\Vault2\\vaultbot\\research\\how-to-code_run.md", "similarity": 0.8745341614906832}}
{"timestamp": "2026-07-27T07:18:17.076313+00:00", "action": "research_create", "details": {"file_path": "C:\\Users\\skell\\Desktop\\Vault2\\vaultbot\\research\\how-to-code_run.md", "topic": "how to code_run"}}
{"timestamp": "2026-07-27T07:40:43.457967+00:00", "action": "research_replace", "details": {"old_path": "C:\\Users\\skell\\Desktop\\Vault2\\vaultbot\\research\\how-to-code_run.md", "new_path": "C:\\Users\\skell\\Desktop\\Vault2\\vaultbot\\research\\how-to-code_run.md", "similarity": 0.8745341614906832}}
{"timestamp": "2026-07-27T07:40:43.472313+00:00", "action": "research_create", "details": {"file_path": "C:\\Users\\skell\\Desktop\\Vault2\\vaultbot\\research\\how-to-code_run.md", "topic": "how to code_run"}}
{"timestamp": "2026-07-27T08:13:35.199043+00:00", "action": "research_replace", "details": {"old_path": "C:\\Users\\skell\\Desktop\\Vault2\\vaultbot\\research\\how-to-code_run.md", "new_path": "C:\\Users\\skell\\Desktop\\Vault2\\vaultbot\\research\\how-to-code_run.md", "similarity": 0.8745341614906832}}
{"timestamp": "2026-07-27T08:13:35.201044+00:00", "action": "research_create", "details": {"file_path": "C:\\Users\\skell\\Desktop\\Vault2\\vaultbot\\research\\how-to-code_run.md", "topic": "how to code_run"}}
{"timestamp": "2026-07-27T08:35:52.486703+00:00", "action": "research_replace", "details": {"old_path": "C:\\Users\\skell\\Desktop\\Vault2\\vaultbot\\research\\how-to-code_run.md", "new_path": "C:\\Users\\skell\\Desktop\\Vault2\\vaultbot\\research\\how-to-code_run.md", "similarity": 0.8745341614906832}}
{"timestamp": "2026-07-27T08:35:52.488447+00:00", "action": "research_create", "details": {"file_path": "C:\\Users\\skell\\Desktop\\Vault2\\vaultbot\\research\\how-to-code_run.md", "topic": "how to code_run"}}
{"timestamp": "2026-07-27T08:47:00.512631+00:00", "action": "research_replace", "details": {"old_path": "C:\\Users\\skell\\Desktop\\Vault2\\vaultbot\\research\\how-to-code_run.md", "new_path": "C:\\Users\\skell\\Desktop\\Vault2\\vaultbot\\research\\how-to-code_run.md", "similarity": 0.8745341614906832}}
{"timestamp": "2026-07-27T08:47:00.514632+00:00", "action": "research_create", "details": {"file_path": "C:\\Users\\skell\\Desktop\\Vault2\\vaultbot\\research\\how-to-code_run.md", "topic": "how to code_run"}}
{"timestamp": "2026-07-27T08:57:59.746955+00:00", "action": "research_replace", "details": {"old_path": "C:\\Users\\skell\\Desktop\\Vault2\\vaultbot\\research\\how-to-code_run.md", "new_path": "C:\\Users\\skell\\Desktop\\Vault2\\vaultbot\\research\\how-to-code_run.md", "similarity": 0.8745341614906832}}
{"timestamp": "2026-07-27T08:57:59.749637+00:00", "action": "research_create", "details": {"file_path": "C:\\Users\\skell\\Desktop\\Vault2\\vaultbot\\research\\how-to-code_run.md", "topic": "how to code_run"}}
{"timestamp": "2026-07-27T09:41:31.832040+00:00", "action": "research_replace", "details": {"old_path": "C:\\Users\\skell\\Desktop\\Vault2\\vaultbot\\research\\how-to-code_run.md", "new_path": "C:\\Users\\skell\\Desktop\\Vault2\\vaultbot\\research\\how-to-code_run.md", "similarity": 0.8745341614906832}}
{"timestamp": "2026-07-27T09:41:31.832040+00:00", "action": "research_create", "details": {"file_path": "C:\\Users\\skell\\Desktop\\Vault2\\vaultbot\\research\\how-to-code_run.md", "topic": "how to code_run"}}
{"timestamp": "2026-07-27T10:47:29.959811+00:00", "action": "research_replace", "details": {"old_path": "C:\\Users\\skell\\Desktop\\Vault2\\vaultbot\\research\\how-to-code_run.md", "new_path": "C:\\Users\\skell\\Desktop\\Vault2\\vaultbot\\research\\how-to-code_run.md", "similarity": 0.8745341614906832}}
{"timestamp": "2026-07-27T10:47:29.961810+00:00", "action": "research_create", "details": {"file_path": "C:\\Users\\skell\\Desktop\\Vault2\\vaultbot\\research\\how-to-code_run.md", "topic": "how to code_run"}}
{"timestamp": "2026-07-27T10:58:24.097911+00:00", "action": "research_replace", "details": {"old_path": "C:\\Users\\skell\\Desktop\\Vault2\\vaultbot\\research\\how-to-code_run.md", "new_path": "C:\\Users\\skell\\Desktop\\Vault2\\vaultbot\\research\\how-to-code_run.md", "similarity": 0.8745341614906832}}
{"timestamp": "2026-07-27T10:58:24.099629+00:00", "action": "research_create", "details": {"file_path": "C:\\Users\\skell\\Desktop\\Vault2\\vaultbot\\research\\how-to-code_run.md", "topic": "how to code_run"}}
{"timestamp": "2026-07-27T11:20:19.004049+00:00", "action": "research_replace", "details": {"old_path": "C:\\Users\\skell\\Desktop\\Vault2\\vaultbot\\research\\how-to-code_run.md", "new_path": "C:\\Users\\skell\\Desktop\\Vault2\\vaultbot\\research\\how-to-code_run.md", "similarity": 0.8745341614906832}}
{"timestamp": "2026-07-27T11:20:19.006050+00:00", "action": "research_create", "details": {"file_path": "C:\\Users\\skell\\Desktop\\Vault2\\vaultbot\\research\\how-to-code_run.md", "topic": "how to code_run"}}
{"timestamp": "2026-07-27T11:42:09.634991+00:00", "action": "research_replace", "details": {"old_path": "C:\\Users\\skell\\Desktop\\Vault2\\vaultbot\\research\\how-to-code_run.md", "new_path": "C:\\Users\\skell\\Desktop\\Vault2\\vaultbot\\research\\how-to-code_run.md", "similarity": 0.8745341614906832}}
{"timestamp": "2026-07-27T11:42:09.636038+00:00", "action": "research_create", "details": {"file_path": "C:\\Users\\skell\\Desktop\\Vault2\\vaultbot\\research\\how-to-code_run.md", "topic": "how to code_run"}}
{"timestamp": "2026-07-27T11:53:08.773158+00:00", "action": "research_replace", "details": {"old_path": "C:\\Users\\skell\\Desktop\\Vault2\\vaultbot\\research\\how-to-code_run.md", "new_path": "C:\\Users\\skell\\Desktop\\Vault2\\vaultbot\\research\\how-to-code_run.md", "similarity": 0.8745341614906832}}
{"timestamp": "2026-07-27T11:53:08.775162+00:00", "action": "research_create", "details": {"file_path": "C:\\Users\\skell\\Desktop\\Vault2\\vaultbot\\research\\how-to-code_run.md", "topic": "how to code_run"}}
{"timestamp": "2026-07-27T12:37:11.008267+00:00", "action": "research_replace", "details": {"old_path": "C:\\Users\\skell\\Desktop\\Vault2\\vaultbot\\research\\how-to-code_run.md", "new_path": "C:\\Users\\skell\\Desktop\\Vault2\\vaultbot\\research\\how-to-code_run.md", "similarity": 0.8745341614906832}}
{"timestamp": "2026-07-27T12:37:11.010325+00:00", "action": "research_create", "details": {"file_path": "C:\\Users\\skell\\Desktop\\Vault2\\vaultbot\\research\\how-to-code_run.md", "topic": "how to code_run"}}
{"timestamp": "2026-07-27T13:14:09.496736+00:00", "action": "research_replace", "details": {"old_path": "C:\\Users\\skell\\Desktop\\Vault2\\vaultbot\\research\\how-to-code_run.md", "new_path": "C:\\Users\\skell\\Desktop\\Vault2\\vaultbot\\research\\how-to-code_run.md", "similarity": 0.8745341614906832}}
{"timestamp": "2026-07-27T13:14:09.496736+00:00", "action": "research_create", "details": {"file_path": "C:\\Users\\skell\\Desktop\\Vault2\\vaultbot\\research\\how-to-code_run.md", "topic": "how to code_run"}}
{"timestamp": "2026-07-27T13:52:40.870426+00:00", "action": "research_replace", "details": {"old_path": "C:\\Users\\skell\\Desktop\\Vault2\\vaultbot\\research\\how-to-code_run.md", "new_path": "C:\\Users\\skell\\Desktop\\Vault2\\vaultbot\\research\\how-to-code_run.md", "similarity": 0.8745341614906832}}
{"timestamp": "2026-07-27T13:52:40.870426+00:00", "action": "research_create", "details": {"file_path": "C:\\Users\\skell\\Desktop\\Vault2\\vaultbot\\research\\how-to-code_run.md", "topic": "how to code_run"}}
{"timestamp": "2026-07-27T14:41:24.810755+00:00", "action": "chat_create", "details": {"file_path": "C:\\Users\\skell\\Desktop\\Vault2\\vaultbot\\chat\\Chat-you-were-about-to-organize-the-vault-into-folders.md", "inputs": {"topic": "Chat: you were about to organize the vault into folders "}}}
{"timestamp": "2026-07-27T15:27:23.962621+00:00", "action": "research_replace", "details": {"old_path": "C:\\Users\\skell\\Desktop\\Vault2\\vaultbot\\research\\how-to-code_run.md", "new_path": "C:\\Users\\skell\\Desktop\\Vault2\\vaultbot\\research\\how-to-code_run.md", "similarity": 0.8745341614906832}}
{"timestamp": "2026-07-27T15:27:23.964622+00:00", "action": "research_create", "details": {"file_path": "C:\\Users\\skell\\Desktop\\Vault2\\vaultbot\\research\\how-to-code_run.md", "topic": "how to code_run"}}
{"timestamp": "2026-07-27T15:49:53.840452+00:00", "action": "research_replace", "details": {"old_path": "C:\\Users\\skell\\Desktop\\Vault2\\vaultbot\\research\\how-to-code_run.md", "new_path": "C:\\Users\\skell\\Desktop\\Vault2\\vaultbot\\research\\how-to-code_run.md", "similarity": 0.8745341614906832}}
{"timestamp": "2026-07-27T15:49:53.843455+00:00", "action": "research_create", "details": {"file_path": "C:\\Users\\skell\\Desktop\\Vault2\\vaultbot\\research\\how-to-code_run.md", "topic": "how to code_run"}}
{"timestamp": "2026-07-27T16:45:58.731390+00:00", "action": "research_replace", "details": {"old_path": "C:\\Users\\skell\\Desktop\\Vault2\\vaultbot\\research\\how-to-code_run.md", "new_path": "C:\\Users\\skell\\Desktop\\Vault2\\vaultbot\\research\\how-to-code_run.md", "similarity": 0.8745341614906832}}
{"timestamp": "2026-07-27T16:45:58.734426+00:00", "action": "research_create", "details": {"file_path": "C:\\Users\\skell\\Desktop\\Vault2\\vaultbot\\research\\how-to-code_run.md", "topic": "how to code_run"}}
{"timestamp": "2026-07-27T16:49:43.071167+00:00", "action": "research_replace", "details": {"old_path": "C:\\Users\\skell\\Desktop\\Vault2\\vaultbot\\research\\how-to-code_run.md", "new_path": "C:\\Users\\skell\\Desktop\\Vault2\\vaultbot\\research\\how-to-code_run.md", "similarity": 0.8745341614906832}}
{"timestamp": "2026-07-27T16:49:43.073166+00:00", "action": "research_create", "details": {"file_path": "C:\\Users\\skell\\Desktop\\Vault2\\vaultbot\\research\\how-to-code_run.md", "topic": "how to code_run"}}
{"timestamp": "2026-07-27T17:06:06.645254+00:00", "action": "chat_append", "details": {"file_path": "C:\\Users\\skell\\Desktop\\Vault2\\vaultbot\\chat\\Chat-hi.md", "inputs": {"topic": "Chat: hi"}}}
{"timestamp": "2026-07-27T17:36:41.692341+00:00", "action": "research_replace", "details": {"old_path": "C:\\Users\\skell\\Desktop\\Vault2\\07-Research\\how-to-code_run.md", "new_path": "C:\\Users\\skell\\Desktop\\Vault2\\07-Research\\how-to-code_run.md", "similarity": 0.8745341614906832}}
{"timestamp": "2026-07-27T17:36:41.693342+00:00", "action": "research_create", "details": {"file_path": "C:\\Users\\skell\\Desktop\\Vault2\\07-Research\\how-to-code_run.md", "topic": "how to code_run"}}
{"timestamp": "2026-07-27T17:48:56.175934+00:00", "action": "chat_create", "details": {"file_path": "C:\\Users\\skell\\Desktop\\Vault2\\08-Chat\\Chat-backend-is-restarted-i-dont-like-that-you-just-s.md", "inputs": {"topic": "Chat: backend is restarted. i don't like that you just s"}}}
{"timestamp": "2026-07-27T17:55:58.234028+00:00", "action": "chat_create", "details": {"file_path": "C:\\Users\\skell\\Desktop\\Vault2\\08-Chat\\Chat-thats-kinda-weak-tbh-and-it-makes-more-work-for-y.md", "inputs": {"topic": "Chat: that's kinda weak tbh and it makes more work for y"}}}
